id,name,municipality,db_lat,db_lng,google_lat,google_lng,distance_m,priority,google_name,google_types,type_match,is_suspect,is_duplicate_placeid,place_id,recommended_action,notes
9380c8d8-f78b-4971-b8aa-0dab8cdb0a1c,"Aguada Malecón Strip",Aguada,18.391593,-67.196274,18.3915925,-67.1962738,0,OK,"Playa Espinar",establishment|natural_feature,Y,N,N,ChIJdSAniLakAowRz8iRxVLwIuA,KEEP_CURRENT,
d62ece9c-8768-4385-8908-2eafea8494b9,"Aguada Town Beach",Aguada,18.38158,-67.218218,18.3815797,-67.2182178,0,OK,"Aguada Beach",establishment|natural_feature,Y,N,N,ChIJfza8teikAowRbafuKKlCxes,KEEP_CURRENT,
2d0ac20c-f2a7-4197-8f68-c55c930556a6,"Aguirre Bay Shore",Guayama,17.9564,-66.1968,17.9370614,-66.1735736,3265,CRITICAL,"Los Limones Beach",establishment|point_of_interest|tourist_attraction,Y,N,N,ChIJwaGEFTu0HIwRIGXWzlsV55w,REVIEW_DISTANCE,"3265m off - may be wrong place"
43d5a40b-43f6-4617-8c0b-87232fbdd726,"Airport Beach (Vieques)",Vieques,18.135,-65.494,18.0957199,-65.492351,4371,CRITICAL,"Black Sand Beach",establishment|natural_feature,Y,N,Y,ChIJOzwCsPa3BIwRY37gWsCq6X0,REVIEW_DUPLICATE,"Shared place_id with 4 other beach(es)"
3d3383e7-75cd-4afa-948e-02affc86ee17,"Almendro's Beach",Rincon,18.309988,-67.240422,18.3099879,-67.2404215,0,OK,"Playa Los Almendros",establishment|point_of_interest|tourist_attraction,Y,N,N,ChIJHe3iLXSvAowRAKHjYN8D6rg,KEEP_CURRENT,
7eadde3a-0ee5-41a4-8748-b5b316e4614a,"Ama's Beach",Rincon,18.327361,-67.250431,18.327361,-67.2504309,0,OK,"Ama's Beach",establishment|point_of_interest|tourist_attraction,Y,N,N,ChIJxaE0YgevAowRwnnfL5NyQwQ,KEEP_CURRENT,
5af58fb9-553b-4762-ae7f-52f2379e03a6,"Ardilla (north pocket)",Aguadilla,18.4755,-67.1519,18.4587557,-67.1639648,2255,CRITICAL,"Crash Boat Beach",establishment|natural_feature,Y,N,Y,ChIJBa_pxxi9AowR7rJ9I-N9kr0,REVIEW_DUPLICATE,"Shared place_id with 8 other beach(es)"
589b9469-80ee-4980-a3bc-b51b42f0d760,"Arecibo Harbor",Arecibo,18.480861,-66.701513,18.4808607,-66.7015131,0,OK,"Arecibo Harbor",establishment|natural_feature,Y,N,N,ChIJmZYS8dfgAowRwx7FYOMFmqQ,KEEP_CURRENT,
91db6dcd-0332-42fb-87d9-d61057c1f3e2,"Arecibo Lighthouse and Historical Park",Arecibo,18.481861,-66.698644,18.481861,-66.698644,0,OK,"Arecibo Lighthouse and Historical Park",establishment|park|point_of_interest|tourist_attraction,Y,N,N,ChIJHV69iSfhAowRtDgipP3xKH8,KEEP_CURRENT,
5e337067-ffae-47cf-8639-b642e57b4a33,"Arecibo Oceanfront Paradise",Caguas,18.492439,-66.633602,18.492439,-66.633602,0,OK,"Arecibo Oceanfront Paradise",establishment|natural_feature,Y,N,N,ChIJ7Ulbs8PhAowRJ7RMSQc-A4U,KEEP_CURRENT,
eefb65a9-e5c9-4dbf-a730-4cbe7ee98295,"Arecibo Pool",Arecibo,18.481714,-66.696726,18.4817143,-66.6967257,0,OK,"La Poza del Obispo",establishment|point_of_interest|tourist_attraction,Y,N,Y,ChIJqxFBYSfhAowRIxHRTrrv2A0,REVIEW_DUPLICATE,"Shared place_id with 9 other beach(es)"
6fa32b13-e569-451e-a4f3-2ea784333e0f,"Aviones Beach",Loiza,18.4577,-65.9807,18.4544601,-65.9686675,1319,HIGH,"Terraplen La Posita de Piñones",establishment|natural_feature,Y,N,Y,ChIJVzIvfmtkA4wRp49SlZhoI-0,REVIEW_DUPLICATE,"Shared place_id with 4 other beach(es)"
8feba5fa-3394-4afc-b818-95b9d9d38d63,"Bahía Lima Beach",Naguabo,18.184449,-65.698379,18.1844492,-65.6983789,0,OK,"Bahía Lima Beach",establishment|point_of_interest|tourist_attraction,Y,N,N,ChIJyy-uSgClBIwRAVaBZKBJwpQ,KEEP_CURRENT,
3c70442d-364a-4ad6-9a37-28d1dc3b391d,"Bahía Salinas Beach",Salinas,17.950799,-67.195735,17.950799,-67.195735,0,OK,"Bahía Salinas Beach",establishment|natural_feature,Y,N,N,ChIJp9OPgbFaHYwR9l8PiXrvKqg,KEEP_CURRENT,
daba38b9-411f-487b-881c-cb687112cba1,"Bahía Sucia Flats","Cabo Rojo",17.936,-67.189,17.9360306,-67.1890376,5,OK,"Playa Sucia",establishment|natural_feature,Y,N,Y,ChIJkapFqjRFHYwRPJyhEcRov78,REVIEW_DUPLICATE,"Shared place_id with 2 other beach(es)"
7e3d8c91-f154-426d-b638-cf20e90068a7,"Bahía de Aguadilla",Aguadilla,18.426273,-67.183491,18.4262725,-67.1834905,0,OK,"Bahía de Aguadilla",establishment|natural_feature,Y,N,N,ChIJU7JOOEijAowRI90iPSwqsXk,KEEP_CURRENT,
4f5ccaae-1a9d-447d-9678-3d454f1121cd,"Bahía de Toa Baja Shore (PR-165)","Toa Baja",18.4489,-66.2409,18.4775248,-66.2622866,3901,CRITICAL,"Kikita Surf Beach",establishment|natural_feature,Y,N,Y,ChIJI50UmGcTA4wRci7UK8cLPR8,REVIEW_DUPLICATE,"Shared place_id with 6 other beach(es)"
5b5d7c8b-7a1f-4a1d-9372-ab2c922f29e9,"Bajuras Beach",Isabela,18.515113,-67.092828,18.5151125,-67.0928281,0,OK,"Bajuras Beach",establishment|point_of_interest|tourist_attraction,Y,N,N,ChIJx3oINYSVAowR_3-Uy_HE4Xo,KEEP_CURRENT,
c9c149a3-63b7-422b-b6a9-48429941e23a,"Balneario Caña Gorda",Guanica,17.9529302,-66.884031,17.9529302,-66.884031,0,OK,"Playa Caña Gorda",establishment|point_of_interest|tourist_attraction,Y,N,N,ChIJp0ViwcYwHYwRc3BrsoDtbvo,KEEP_CURRENT,
beccaa9b-2b0a-4124-9d90-56ad82c9ae36,"Balneario Cerro Gordo","Vega Alta",18.4815,-66.3397,18.4913402,-66.3987366,6321,CRITICAL,"Playa Puerto Nuevo",establishment|point_of_interest|tourist_attraction,Y,N,Y,ChIJ7-YJVckQA4wR9wHDo-OqOgk,REVIEW_DUPLICATE,"Shared place_id with 8 other beach(es)"
5f3c5b7f-6f0e-40dd-b3e0-664ff8404eb8,"Balneario De Arroyo",Arroyo,17.96219,-66.039053,17.9621896,-66.0390529,0,OK,"Balneario de Arroyo",establishment|natural_feature,Y,N,N,ChIJlxdaSnutHIwRZ5CJGjwPQXA,KEEP_CURRENT,
d2ed3739-0e0c-45e6-9a08-975c6618ea35,"Balneario El Escambrón","San Juan",18.4669267,-66.0899411,18.4669539,-66.0889287,107,MEDIUM,"Escambrón Beach Club",bar|establishment|food|lodging|point_of_interest|restaurant,Y,Y,N,ChIJtQtNm0lvA4wR6FECyE7H994,REVIEW_TYPE,"Suspect type: bar,establishment,food,lodging,point_of_interest,restaurant"
8246cbc7-d3aa-49c3-8ed6-d6a39325f631,"Balneario El Tuque",Ponce,17.9808,-66.643229,17.9808004,-66.6432286,0,OK,"Balneario El Tuque",establishment|natural_feature,Y,N,N,ChIJhXeYFospHYwRlRAtuvoqICo,KEEP_CURRENT,
119d8e5e-c315-41b3-a18a-798b1893032b,"Balneario Isla Verde",Carolina,18.444879,-66.005752,18.4448788,-66.005752,0,OK,"Playa Isla Verde",establishment|natural_feature,Y,N,N,ChIJ9YUqrNFlA4wRF1WZ0ODvkxo,KEEP_CURRENT,
1769058c-2428-4eb6-814d-38bc53c840c4,"Balneario La Monserrate (Luquillo)",Luquillo,18.3828,-65.7298,18.3843827,-65.7295596,178,MEDIUM,"Luquillo Beach",establishment|natural_feature,Y,N,Y,ChIJGaBeR2-ZBIwRo1cWgmGl1rg,REVIEW_DUPLICATE,"Shared place_id with 1 other beach(es)"
a0061a3a-8f66-4621-b7ea-144110fd7405,"Balneario Manuel “Nolo” Morales (Dorado Public Beach)",Dorado,18.4736874,-66.2815264,18.4775248,-66.2622866,2073,CRITICAL,"Kikita Surf Beach",establishment|natural_feature,Y,N,Y,ChIJI50UmGcTA4wRci7UK8cLPR8,REVIEW_DUPLICATE,"Shared place_id with 6 other beach(es)"
04c0ae4c-0a27-4b99-abcc-284db2cdeb73,"Balneario Municipal De Aguda",Aguada,18.395502,-67.191848,18.3955016,-67.1918475,0,OK,"Balneario Municipal de Aguda",establishment|natural_feature,Y,N,N,ChIJNx_MDbOkAowRPJiBJP7R_IU,KEEP_CURRENT,
fe7a23de-2642-402f-99c3-7485b1b16ef7,"Balneario Punta Guilarte",Arroyo,17.9637985,-66.0378481,17.9637985,-66.0378481,0,OK,"Balneario y Centro Vacacional Punta Guilarte",establishment|natural_feature,Y,N,N,ChIJTYLX5mStHIwRBtdD2l983GM,KEEP_CURRENT,
59b87cfb-6140-4e3f-9d40-fd72713a2544,"Balneario Punta Salinas","Toa Baja",18.4738,-66.1861,18.4737841,-66.1861149,2,OK,"Balneario Punta Salinas Beach",establishment|point_of_interest|tourist_attraction,Y,N,N,ChIJydwU4X1sA4wRIR-fu38yjmQ,KEEP_CURRENT,
1aa13859-08b7-4719-8fa6-438812e9b110,"Balneario Punta Santiago (Humacao)",Humacao,18.1693,-65.741,18.1692942,-65.7410465,5,OK,"Balneario Punta Santiago",establishment|natural_feature,Y,N,N,ChIJr-75MM-lBIwRV_NPIV96mLk,KEEP_CURRENT,
ff03fc71-2b0a-4478-8d65-653b49fbc13d,"Balneario Público de Boquerón","Cabo Rojo",18.013296,-67.171846,18.0132963,-67.1718457,0,OK,"Balneario Público de Boquerón",establishment|natural_feature,Y,N,N,ChIJCeSSNTFOHYwRnNHIsaLci6Y,KEEP_CURRENT,
a7146fad-dc91-4519-b5cb-34660ad18579,"Balneario Tres Hermanos",Rincon,18.290266,-67.191718,18.2902664,-67.1917176,0,OK,"Balneario Tres Hermanos",establishment|natural_feature,Y,N,N,ChIJmzJkV9ivAowR3h9rMjjHAfU,KEEP_CURRENT,
b225eae8-1627-4a33-8f66-239338be77e0,"Balneario de Boquerón","Cabo Rojo",18.0245,-67.1735,18.0245094,-67.1734646,4,OK,"Playa Boqueron",establishment|natural_feature,Y,N,N,ChIJuUrzaTxOHYwRAxzYCwV0vFo,KEEP_CURRENT,
d426c8d0-6f19-4777-a4db-56a7600e6072,"Balneario de Carolina",Carolina,18.4494,-65.9971,18.4494216,-65.9971013,2,OK,"Carolina Public Beach",establishment|natural_feature,Y,N,N,ChIJtwrrG81lA4wRFeL_m6KZ928,KEEP_CURRENT,
a28f8593-ba80-4d7e-bde3-290a19712776,"Balneario de Dorado",Dorado,18.475066,-66.280228,18.4750658,-66.2802282,0,OK,"Balneario de Dorado",establishment|natural_feature,Y,N,N,ChIJFeXMVX4TA4wRKz6KZcN9py0,KEEP_CURRENT,
ee30b220-f814-4032-abd0-ae264dbb76a6,"Balneario de Punta Santiago",Humacao,18.154961,-65.762384,18.1549609,-65.762384,0,OK,"Balneario Público de Humacao",establishment|natural_feature,Y,N,N,ChIJ2bcQaAqmBIwRCKe4E_G1OA8,KEEP_CURRENT,
8f7bb232-3f90-44f3-8498-57030c9dd04f,"Bandera de Playa Buyé","Cabo Rojo",18.052147,-67.199908,18.0521471,-67.1999083,0,OK,"Bandera de Playa Buyé",establishment|point_of_interest|tourist_attraction,Y,N,N,ChIJOUiHr7FRHYwRnszki-_eoX0,KEEP_CURRENT,
a828c7e4-cd07-4ba2-acd0-5c5513032e30,"Banquito Frente al Mar",Aguada,18.360009,-67.270254,18.3600093,-67.2702537,0,OK,"Banquito Frente al Mar",establishment|point_of_interest|tourist_attraction,Y,N,N,ChIJpYxcyxWlAowRBT39ka5ronU,KEEP_CURRENT,
74cc1914-ba18-4f76-b8a5-fc02f5deaed8,"Barrero/Los Almendros",Rincon,18.3345,-67.246,18.3593385,-67.2671826,3553,CRITICAL,"The Beach House Rincón",bar|establishment|food|point_of_interest|restaurant,Y,Y,Y,ChIJNe6mBMSlAowRBBuBdKH2jQM,REVIEW_DUPLICATE,"Shared place_id with 5 other beach(es)"
9a7250af-801a-42d8-9554-0e9b052b0e73,"Bizarreta Beach","Juana Diaz",17.990574,-66.461982,17.9905743,-66.4619818,0,OK,"Bizarreta Beach",establishment|point_of_interest|tourist_attraction,Y,N,N,ChIJ9dUWznHTHIwRjuxq_ZSiWog,KEEP_CURRENT,
543548cf-0872-4bca-88e1-869285036479,"Black Eagle Beach",Rincon,18.344204,-67.260694,18.3442041,-67.2606943,0,OK,"Playa Ensenada",establishment|point_of_interest,Y,N,N,ChIJ13ZWVn6lAowR9Ut6JZY0Tsg,KEEP_CURRENT,
aedd029a-857c-49ed-b196-09ace66d5317,"Blue Hole Reef Access",Isabela,18.4868,-67.0632,18.5141598,-67.0752276,3296,CRITICAL,"Playa Jobos",establishment|natural_feature,Y,N,Y,ChIJoWNHuMaVAowRXjr3C7yfzuQ,REVIEW_DUPLICATE,"Shared place_id with 2 other beach(es)"
e69ce8d5-c197-45b6-b8f0-4a2d2b129e5a,"Boca Quebrada (Vieques)",Vieques,18.0885,-65.4703,18.0957199,-65.492351,2465,CRITICAL,"Black Sand Beach",establishment|natural_feature,Y,N,Y,ChIJOzwCsPa3BIwRY37gWsCq6X0,REVIEW_DUPLICATE,"Shared place_id with 4 other beach(es)"
8637764b-7065-4037-9f7e-7d8065b088e9,"Boca de Camuy (river mouth)",Camuy,18.489,-66.9026,18.483525,-66.9020598,611,HIGH,"Puerto Hermina Beach",establishment|point_of_interest|tourist_attraction,Y,N,Y,ChIJBYbHbPXpAowRzTtNN1-398I,REVIEW_DUPLICATE,"Shared place_id with 4 other beach(es)"
f0e4c064-5426-4336-a36f-69fd47512c60,"Boca de Cangrejos East Spit (Loíza side)",Loiza,18.4599,-65.993,18.4585359,-65.9939419,181,MEDIUM,"Boca de Cangrejos",establishment|natural_feature,Y,N,Y,ChIJRzarzUtkA4wRpb355NQfp3w,REVIEW_DUPLICATE,"Shared place_id with 1 other beach(es)"
b41d1399-019a-4631-88ba-8fdacb69af6b,"Boca de Cangrejos Mouth",Carolina,18.4559,-65.9994,18.4585359,-65.9939419,646,HIGH,"Boca de Cangrejos",establishment|natural_feature,Y,N,Y,ChIJRzarzUtkA4wRpb355NQfp3w,REVIEW_DUPLICATE,"Shared place_id with 1 other beach(es)"
7874c79e-4642-454e-8fc7-7aa8206a0fb3,"Boquerón North Spit","Cabo Rojo",18.0356,-67.164,18.0496771,-67.1985378,3973,CRITICAL,"Buyé Beach",establishment|natural_feature,Y,N,Y,ChIJk4GYevlRHYwRFcmsmqDLatA,REVIEW_DUPLICATE,"Shared place_id with 4 other beach(es)"
eb91bcd4-7119-4a5f-b043-e90914f36138,"Boquerón South Flats","Cabo Rojo",18.0109,-67.1748,18.0496771,-67.1985378,4989,CRITICAL,"Buyé Beach",establishment|natural_feature,Y,N,Y,ChIJk4GYevlRHYwRFcmsmqDLatA,REVIEW_DUPLICATE,"Shared place_id with 4 other beach(es)"
4aae0360-54b7-4f95-a410-45b2ae2e5e18,"Boquillas Beach",Manati,18.477952,-66.509275,18.4779518,-66.5092752,0,OK,"Cueva de las Golondrinas",establishment|natural_feature,Y,N,Y,ChIJK1BhEzgZA4wRz_wJ6Nwt0Yw,REVIEW_DUPLICATE,"Shared place_id with 1 other beach(es)"
06e1d7dc-2490-4c5e-8b34-43486f094e5b,"Borinquen Beach",Aguadilla,18.497,-67.149,18.4906436,-67.1557946,1006,HIGH,"Punta Borinquen Beach",establishment|natural_feature,Y,N,Y,ChIJYf6xb2O9AowRzvXD85ZKzVg,REVIEW_DUPLICATE,"Shared place_id with 1 other beach(es)"
4087039b-6184-45c8-ba62-775870dbd520,"Boulder Beach",Aguadilla,18.441835,-67.157492,18.4418346,-67.1574923,0,OK,"Boulder Beach",establishment|point_of_interest|tourist_attraction,Y,N,N,ChIJb8toGgC9AowR4ZrCzTupli8,KEEP_CURRENT,
63dc5424-b65e-421c-96ca-8a4c97cf49a6,"Buyones Beach",Ponce,17.973839,-66.550589,17.9738385,-66.5505885,0,OK,"Buyones Beach",establishment|point_of_interest|tourist_attraction,Y,N,N,ChIJnUugC9HVHIwROmLqry76eBQ,KEEP_CURRENT,
62898af8-8601-489e-9dee-675b6dd76a77,"Buyé Beach","Cabo Rojo",18.0497,-67.1985,18.0496771,-67.1985378,5,OK,"Buyé Beach",establishment|natural_feature,Y,N,Y,ChIJk4GYevlRHYwRFcmsmqDLatA,REVIEW_DUPLICATE,"Shared place_id with 4 other beach(es)"
bc542d1b-ab24-4437-9a1c-e0475023ccf1,"Buyé South Point","Cabo Rojo",18.0749,-67.1927,18.0496771,-67.1985378,2872,CRITICAL,"Buyé Beach",establishment|natural_feature,Y,N,Y,ChIJk4GYevlRHYwRFcmsmqDLatA,REVIEW_DUPLICATE,"Shared place_id with 4 other beach(es)"
80a0d8ae-8860-44db-b6c7-78c3ae50de69,"Cabezas de San Juan Reserve Shore",Fajardo,18.38134,-65.6179393,18.38134,-65.6179393,0,OK,"Cabezas de San Juan",establishment|natural_feature,Y,N,N,ChIJIVnYXdWWBIwRvVrXPl8DQYo,KEEP_CURRENT,
2607f474-38e1-43a4-8ab3-d8d7204651af,"Caja de Muertos Beach",Ponce,17.888649,-66.526789,17.8886488,-66.5267888,0,OK,"Caja de Muertos Beach",establishment|point_of_interest,Y,N,Y,ChIJ6RWSUpPQHIwRqs8PY0UkzBM,REVIEW_DUPLICATE,"Shared place_id with 1 other beach(es)"
194357bf-18b2-4d92-bd00-b345a51c00ee,"Camuy Playa spot",Camuy,18.489999,-66.856059,18.4899991,-66.8560594,0,OK,"Camuy Playa spot",establishment|park|point_of_interest,Y,N,N,ChIJ_YoOAgDpAowRiW6mX75CVqQ,KEEP_CURRENT,
c1a2aed8-d8d9-48a0-9c1a-d5c05e230947,"Canal Beach",Rincon,18.333598,-67.253219,18.3335982,-67.2532193,0,OK,"Canal Beach",establishment|point_of_interest|tourist_attraction,Y,N,N,ChIJE7B1E0KlAowRjF6PC2vRQi0,KEEP_CURRENT,
bf9532ca-447c-42dc-a2ce-1c9aa650f3f1,"Canto Las Piedras Beach",Aguadilla,18.438665,-67.156176,18.4386645,-67.1561757,0,OK,"Tropical Beach House",establishment|lodging|point_of_interest,Y,Y,N,ChIJByWlm--8AowRMggZNzFSF_s,REVIEW_TYPE,"Suspect type: establishment,lodging,point_of_interest"
e2e9ede2-8558-4330-9b7a-66eed013cc2b,"Caracas (Red Beach)",Vieques,18.1166,-65.4404,18.1083904,-65.4130697,3029,CRITICAL,"Caracas Beach",establishment|natural_feature,Y,N,Y,ChIJcQaWBjnGBIwRSydM6BJJotw,REVIEW_DUPLICATE,"Shared place_id with 4 other beach(es)"
fe8283ad-a8a5-4b6c-a503-1dc5fe612cbd,"Caracas Beach",Vieques,18.10839,-65.41307,18.1083904,-65.4130697,0,OK,"Caracas Beach",establishment|natural_feature,Y,N,Y,ChIJcQaWBjnGBIwRSydM6BJJotw,REVIEW_DUPLICATE,"Shared place_id with 4 other beach(es)"
30958a5b-c2c6-4678-9312-1c0e84e71e88,"Carlos Rosario Beach",Culebra,18.3245,-65.3298,18.323892,-65.3285057,152,MEDIUM,"Playa Tamarindo Grande Beach",establishment|natural_feature,Y,N,N,ChIJicadX97oBIwRYCn7XhHkq5c,ACCEPT,"152m refinement"
18319bdb-8c8f-461d-b439-95adf9b6eb1c,"Carrizal Shore",Hatillo,18.4972,-66.8429,18.486438,-66.8336092,1547,HIGH,"El Gran Parque del Norte",establishment|park|point_of_interest|tourist_attraction,Y,N,Y,ChIJaYm973joAowRdXGhI4N-IyQ,REVIEW_DUPLICATE,"Shared place_id with 2 other beach(es)"
679d37a5-61a3-4000-9478-06398470f60a,"Cayo Aurora (Gilligan’s Island)",Guanica,17.9554,-66.8846,17.9532179,-66.879647,577,HIGH,"Copamarina Beach Resort & Spa",bar|cafe|establishment|food|lodging|point_of_interest|restaurant|spa|store,Y,Y,Y,ChIJjZ-uUtpOA4wRC3eAHm0miT4,REVIEW_DUPLICATE,"Shared place_id with 2 other beach(es)"
0a84e9a9-b8b7-4857-811f-8ab8b226da3c,"Cayo Caracoles Sandbar",Lajas,17.9678,-67.04,17.959968,-67.0382413,891,HIGH,"Isla Mata La Gata",establishment|natural_feature,Y,N,Y,ChIJxbpkT2RIHYwRdg_UhaQUWCA,REVIEW_DUPLICATE,"Shared place_id with 4 other beach(es)"
80c95604-bf01-44e3-8f17-71267e884a39,"Cayo Diablo (reef stop)",Fajardo,18.3708,-65.5588,18.3836491,-65.5912707,3712,CRITICAL,"Icacos Beach",establishment|natural_feature,Y,N,Y,ChIJo-skaRSRBIwR_hH7Vk0p09U,REVIEW_DUPLICATE,"Shared place_id with 1 other beach(es)"
62eaf96b-f62e-4efe-909b-d2c7e8db4805,"Cayo Enrique",Lajas,17.9573231,-67.0427504,17.9573231,-67.0427504,0,OK,"Cayo Enrique",establishment|point_of_interest|tourist_attraction,Y,N,N,ChIJP4zYCABJHYwR69PUjWPuU7Y,KEEP_CURRENT,
e7c87206-2f4b-49f5-9e98-687be15c882e,"Cayo Icacos (La Cordillera)",Fajardo,18.3843017,-65.5906874,18.3843017,-65.5906874,0,OK,"Cayo ICACOS",establishment|park|point_of_interest,Y,N,N,ChIJA5EqcEmRBIwRiuofmQ-Ny9U,KEEP_CURRENT,
1ccd1e8b-fb77-4a4b-b68c-5fe287e4efdc,"Cayo Matías (Salinas)",Salinas,17.9353628,-66.2879745,17.9474894,-66.279549,1616,HIGH,"Punta Arenas área",bar|establishment|point_of_interest,Y,N,N,ChIJn9H_xSXLHIwRhPs2zLZhe-8,ACCEPT,"1616m off - likely correct place, imprecise pin"
de5a01dc-d2fc-472e-beb5-f8c340b848ab,"Caza y Pesca Beach",Arecibo,18.473437,-66.714407,18.473437,-66.7144065,0,OK,"Arecibo Promenade",establishment|point_of_interest|tourist_attraction,Y,N,N,ChIJhyJlPI3nAowRs1CPzor1l3Q,KEEP_CURRENT,
dc0e41c0-b740-4448-9eb4-266104a4db9c,"Caza y Pesca Playa",Arecibo,18.481212,-66.684288,18.4812123,-66.6842876,0,OK,"Caza y Pesca Playa",establishment|point_of_interest|tourist_attraction,Y,N,N,ChIJE1_Y-vHhAowRTQ6LWL-Eec4,KEEP_CURRENT,
75cec479-ed23-4e6e-b3a2-932ce87e46e5,"Cerro Gordo East Cove","Vega Alta",18.4833,-66.3474,18.4815248,-66.3397361,832,HIGH,"Balneario Cerro Gordo",establishment|natural_feature,Y,N,Y,ChIJrfpH5VIRA4wRqbAwaewkgoY,REVIEW_DUPLICATE,"Shared place_id with 1 other beach(es)"
5551c24d-3cd5-485e-a6e1-87927a61ca0e,"Cerro Gordo Shore (north aerostat)",Aguadilla,18.5032,-67.1579,18.4587557,-67.1639648,4983,CRITICAL,"Crash Boat Beach",establishment|natural_feature,Y,N,Y,ChIJBa_pxxi9AowR7rJ9I-N9kr0,REVIEW_DUPLICATE,"Shared place_id with 8 other beach(es)"
328044b9-ebea-4682-906f-08239d2b17df,"Cerro Gordo West Point","Vega Alta",18.4813,-66.3591,18.4913402,-66.3987366,4326,CRITICAL,"Playa Puerto Nuevo",establishment|point_of_interest|tourist_attraction,Y,N,Y,ChIJ7-YJVckQA4wR9wHDo-OqOgk,REVIEW_DUPLICATE,"Shared place_id with 8 other beach(es)"
a8219a0f-358e-4195-9892-25905b189774,"Charco El Hippie",Naguabo,18.2458405,-65.7870139,18.2458405,-65.7870139,0,OK,"Charco El Hippie",establishment|park|point_of_interest,Y,N,N,ChIJz5yWbT-hBIwRhssCcK8Kllw,KEEP_CURRENT,
a86ec5b6-7fa3-4c24-8b7e-6cd1d8ebd77f,"Cibuco Mouth (west side)","Vega Baja",18.4686,-66.4339,18.4913402,-66.3987366,4488,CRITICAL,"Playa Puerto Nuevo",establishment|point_of_interest|tourist_attraction,Y,N,Y,ChIJ7-YJVckQA4wR9wHDo-OqOgk,REVIEW_DUPLICATE,"Shared place_id with 8 other beach(es)"
bb250867-c5a0-43bf-922e-2ed6bf56aa7a,"Coco Beach (Río Grande)","Rio Grande",18.3885,-65.7558,18.4309194,-65.8456634,10589,CRITICAL,"Costamar Beach Village",establishment|natural_feature,Y,N,N,ChIJEcPD-e-dBIwRdHgTwidsQrs,REVIEW_DISTANCE,"10589m off - may be wrong place"
0f15cf38-de92-4bd5-b1cb-a261fbf0d1db,"Columpio Playa Escalera",Aguada,18.347296,-67.26313,18.3472958,-67.2631304,0,OK,"Columpio Playa Escalera",establishment|point_of_interest|tourist_attraction,Y,N,N,ChIJFWb9zA2lAowRMhykq_S5O1U,KEEP_CURRENT,
bf72212f-5771-444e-8007-4c3161441bda,"Colón Beach",Aguadilla,18.414181,-67.161684,18.4141807,-67.1616839,0,OK,"Colón Beach",establishment|point_of_interest,Y,N,N,ChIJZ45r1wm9AowR098ZdqHHvkQ,KEEP_CURRENT,
92087461-079b-4087-9b8f-61fe8a70f80c,"Combate Beach","Cabo Rojo",17.98,-67.19,17.9766404,-67.2127867,2439,CRITICAL,"Playa El Combate Beach",establishment|natural_feature,Y,N,Y,ChIJk65gwGxQHYwRf999ZKFJtb4,REVIEW_DUPLICATE,"Shared place_id with 4 other beach(es)"
69d8fd05-4ab6-4242-a0ad-5e60ce432066,"Combate Playa Bohios ( el Poblado combate)","Cabo Rojo",17.981456,-67.214266,17.9814559,-67.2142662,0,OK,"Muelle Combate",establishment|point_of_interest,Y,N,N,ChIJc2nP1mxQHYwRd1mtorgYedo,KEEP_CURRENT,
a1a63138-ce11-4aed-a395-539485fde9c5,"Condado Beach","San Juan",18.456285,-66.070518,18.4610538,-66.0823199,1353,HIGH,"Playita del Condado",establishment|natural_feature,Y,N,Y,ChIJty0rrCRvA4wRk3QZHtbR6iA,REVIEW_DUPLICATE,"Shared place_id with 1 other beach(es)"
c3da070e-d135-4ed5-b6a2-86cf1582fd70,"Condado Beach (Oceanfront)","San Juan",18.4571237,-66.0723525,18.4572134,-66.0717249,67,OK,"the Beaches thong",establishment|natural_feature,Y,N,N,ChIJw0hMXjhvA4wRfC_YbNK9U8o,KEEP_CURRENT,
a9d0727f-9b1e-4524-946a-0767724b3a69,"Condado – Playita Ochoa Pocket","San Juan",18.4561,-66.0835,18.4579743,-66.0749621,924,HIGH,"Ventana al Mar",establishment|park|point_of_interest|tourist_attraction,Y,N,Y,ChIJZQSYdDlvA4wR_EvjZNy2gy4,REVIEW_DUPLICATE,"Shared place_id with 4 other beach(es)"
21dc5d6f-fb3d-41a5-8aa7-c90e92d3e800,"Corazón de Isabela",Isabela,18.514858,-67.052576,18.5148579,-67.0525757,0,OK,"Corazón de Isabela",establishment|point_of_interest|tourist_attraction,Y,N,N,ChIJTWoef9SVAowRftqw2eFQvJk,KEEP_CURRENT,
5976826c-f29c-448d-ab8e-3bf57582c4e2,"Corcega Beach",Rincon,18.3288,-67.2541,18.3593385,-67.2671826,3666,CRITICAL,"The Beach House Rincón",bar|establishment|food|point_of_interest|restaurant,Y,Y,Y,ChIJNe6mBMSlAowRBBuBdKH2jQM,REVIEW_DUPLICATE,"Shared place_id with 5 other beach(es)"
18ca775f-4e0c-4f92-b913-8a73e1b3fede,"Crash Boat Beach",Aguadilla,18.458731,-67.164016,18.4587557,-67.1639648,6,OK,"Crash Boat Beach",establishment|natural_feature,Y,N,Y,ChIJBa_pxxi9AowR7rJ9I-N9kr0,REVIEW_DUPLICATE,"Shared place_id with 8 other beach(es)"
b6c9fe4e-1319-482d-be20-57c97b99ad9b,"Crash Boat North Reef (outer)",Aguadilla,18.4571273,-67.1626734,18.4571273,-67.1626734,0,OK,"Mirador Playa Crash Boat",establishment|point_of_interest,Y,N,N,ChIJJ2SuKh-9AowRmlhHl4uqXIg,KEEP_CURRENT,
bff24c43-c392-47f0-a0d1-92fbde4c603b,"Crash Boat South (Almirante Beach)",Aguadilla,18.4536,-67.1668,18.4587557,-67.1639648,647,HIGH,"Crash Boat Beach",establishment|natural_feature,Y,N,Y,ChIJBa_pxxi9AowR7rJ9I-N9kr0,REVIEW_DUPLICATE,"Shared place_id with 8 other beach(es)"
079774c2-e100-4b3a-a74d-c5ed51a646cf,"Cueva María de la Cruz Shore",Loiza,18.4413,-65.9017,18.4475762,-65.9069741,892,HIGH,"Playa Piñones",establishment|natural_feature,Y,N,Y,ChIJO2vFYrRjA4wRiXV0YkDBTi4,REVIEW_DUPLICATE,"Shared place_id with 1 other beach(es)"
a9319ed6-d4ea-437b-bf2c-3d0f79622d23,"Cueva de las Golondrinas Cove",Isabela,18.492,-66.98,18.491963,-66.979623,40,OK,"Playa Pastillo, Coto",establishment|natural_feature,Y,N,N,ChIJwcwB3b7qAowRCPe_oQ7aXDE,KEEP_CURRENT,
07c6a004-6675-4da2-831f-ad376e3f3ae0,"Cueva del Indio Shore",Arecibo,18.4826,-66.9618,18.4817143,-66.6967257,27955,CRITICAL,"La Poza del Obispo",establishment|point_of_interest|tourist_attraction,Y,N,Y,ChIJqxFBYSfhAowRIxHRTrrv2A0,REVIEW_DUPLICATE,"Shared place_id with 9 other beach(es)"
034e28ac-b62f-493c-beb4-dd6574ec4949,"Dogman’s Beach",Rincon,18.3579,-67.2637,18.3496717,-67.2642174,917,HIGH,"Steps Beach - Reserva Marina Tres Palmas",establishment|natural_feature,Y,N,Y,ChIJhWh1q-ulAowRGcahO5Xq1nY,REVIEW_DUPLICATE,"Shared place_id with 1 other beach(es)"
05e5ad02-6346-4ae2-af26-3c8e522e3890,"Domes Beach",Rincon,18.3646,-67.2697,18.3646675,-67.2699094,23,OK,"Domes Beach",establishment|natural_feature,Y,N,Y,ChIJ7zspgM-lAowRECC2CQaoP9s,REVIEW_DUPLICATE,"Shared place_id with 1 other beach(es)"
6ffe3bc4-c78f-480a-998d-6523131d8584,"Don Antonio's Beach",Rincon,18.371494,-67.253774,18.3714937,-67.2537739,0,OK,"Don Antonio’s Beach",establishment|point_of_interest|tourist_attraction,Y,N,N,ChIJW_7XG0ulAowRegTzJJSFsGw,KEEP_CURRENT,
73e378f6-3a0a-4f0d-a6fc-4eb93f576653,"Dorado Beach East North Gate",Dorado,18.466393,-66.290001,18.4663931,-66.2900014,0,OK,"Dorado Beach East North Gate",establishment|point_of_interest,Y,N,N,ChIJT5T65YkVA4wRwcVj9rtu5SY,KEEP_CURRENT,
fc226761-923e-4368-a299-44cf3aa5eef8,"Dorado Beach East South Gate",Dorado,18.455438,-66.289806,18.455438,-66.2898061,0,OK,"Dorado Beach East South Gate",establishment|point_of_interest,Y,N,N,ChIJdWQFUWEUA4wR98bBmmdw_PM,KEEP_CURRENT,
34ad2c34-d46b-498a-889b-66711dce34e9,"Dorado Beach, a Ritz-Carlton Reserve",Dorado,18.475373,-66.300461,18.4753725,-66.3004613,0,OK,"Dorado Beach, a Ritz-Carlton Reserve",establishment|lodging|point_of_interest,Y,Y,N,ChIJN20LDJoUA4wRkAKMm_EUmh4,REVIEW_TYPE,"Suspect type: establishment,lodging,point_of_interest"
228a7cae-2cbf-4906-b0c0-f978b9cc3d70,"Dorado East Reef Shore",Dorado,18.4615,-66.2641,18.4775248,-66.2622866,1792,HIGH,"Kikita Surf Beach",establishment|natural_feature,Y,N,Y,ChIJI50UmGcTA4wRci7UK8cLPR8,REVIEW_DUPLICATE,"Shared place_id with 6 other beach(es)"
61c37c73-7e9b-4c4b-8c28-cf201a82387d,"Dorado Reef Beach playa pública",Dorado,18.474288,-66.311717,18.4742879,-66.3117172,0,OK,"The Cottages at Dorado Beach",establishment|lodging|point_of_interest,Y,Y,N,ChIJB-ZWbgoUA4wRo3hOQ6o3BEw,REVIEW_TYPE,"Suspect type: establishment,lodging,point_of_interest"
160c6caf-b7a4-4fdd-bb01-720fca4915ec,"El Cocal Beach",Maunabo,18.013261,-65.847704,18.0132612,-65.8477041,0,OK,"El Cocal Beach",establishment|natural_feature,Y,N,Y,ChIJi9EpB4eqBIwRYn8weC-M-J0,REVIEW_DUPLICATE,"Shared place_id with 1 other beach(es)"
ede17c5c-1a40-40b4-8d03-7e8a85793486,"El Faro (Los Morrillos) Cove East","Cabo Rojo",17.9398,-67.1984,17.9766404,-67.2127867,4370,CRITICAL,"Playa El Combate Beach",establishment|natural_feature,Y,N,Y,ChIJk65gwGxQHYwRf999ZKFJtb4,REVIEW_DUPLICATE,"Shared place_id with 4 other beach(es)"
c561022a-35e5-43d0-9290-7519fe3c33b3,"El Faro Beach",Arecibo,18.479037,-66.700083,18.479037,-66.7000825,0,OK,"El Faro Beach",establishment|point_of_interest|tourist_attraction,Y,N,N,ChIJA2JTMtjgAowRciItTGX_4Ig,KEEP_CURRENT,
a4f52267-3166-47d1-9f3f-6e923da234f1,"El Faro de Rincón",Aguada,18.362904,-67.271112,18.3646675,-67.2699094,234,MEDIUM,"Domes Beach",establishment|natural_feature,Y,N,Y,ChIJ7zspgM-lAowRECC2CQaoP9s,REVIEW_DUPLICATE,"Shared place_id with 1 other beach(es)"
d8738ac3-4a02-42ed-8541-74baaa6187cb,"El Gallito ( Gringo Beach )",Vieques,18.141831,-65.475514,18.141831,-65.4755142,0,OK,"El Gallito ( Gringo Beach )",establishment|natural_feature,Y,N,Y,ChIJCfQkAYDHBIwRbBYWkxUCt84,REVIEW_DUPLICATE,"Shared place_id with 1 other beach(es)"
666bb351-07cf-400d-930e-530b2898bb3a,"El Maní Beach",Mayaguez,18.2255,-67.16,18.2346754,-67.1735134,1754,HIGH,"Playa Sabaneta",establishment|natural_feature,Y,N,Y,ChIJu2PfzvaxAowRPMH_-6R_Rjc,REVIEW_DUPLICATE,"Shared place_id with 3 other beach(es)"
01a976b0-cd1e-4b7d-b094-98b97a94629e,"El Tuque Beach",Ponce,17.9865,-66.6952,17.9735004,-66.6842899,1850,HIGH,"Puerta Al Mar",establishment|point_of_interest,Y,N,Y,ChIJL2GfXWkpHYwRHLHOQoJSzgU,REVIEW_DUPLICATE,"Shared place_id with 1 other beach(es)"
816228fa-8847-4e0a-9cb0-9e2e105c9032,"Emajaguas Beach House",Maunabo,18.006662,-65.870365,18.0066619,-65.8703649,0,OK,"Emajaguas Beach House",establishment|natural_feature,Y,N,N,ChIJKxbL129VA4wR_eU7U6CJAxI,KEEP_CURRENT,
470e1752-b8df-41bc-8179-8cf37fe3a5a2,"Embassy Suites by Hilton Dorado del Mar Beach Resort",Dorado,18.478981,-66.273776,18.4789813,-66.2737758,0,OK,"Playa Costa Dorado oeste",establishment|point_of_interest|tourist_attraction,Y,N,N,ChIJbdaeSx4TA4wRET4p7bKfGQY,KEEP_CURRENT,
1d30e33d-3570-45dc-82fd-c2c2bfdc0734,"Escambron Beach","San Juan",18.465426,-66.08744,18.4654262,-66.0874401,0,OK,"La Poza del Escambrón Beach",establishment|point_of_interest,Y,N,N,ChIJxWmTEyJvA4wRc3NRvNgVmPY,KEEP_CURRENT,
b2e85f7a-366b-412f-82e8-81fb18c23a49,"Escambrón – Bateria del Escambrón Cove","San Juan",18.4668598,-66.0899681,18.4668598,-66.0899681,0,OK,"Balneario El Escambrón",establishment|point_of_interest|tourist_attraction,Y,N,N,ChIJpw1uJiJvA4wRR8msA7TzA7o,KEEP_CURRENT,
0842768e-e53f-483a-abe4-d9cd1185ac37,"Escondida Beach",Manati,18.46885,-66.469191,18.4688499,-66.4691909,0,OK,"Escondida Beach",establishment|point_of_interest|tourist_attraction,Y,N,N,ChIJAY16D7kZA4wRSKYV4jNvRKM,KEEP_CURRENT,
36dd3e62-b179-4b3d-95a4-e4baf0f98863,"Esperanza Beach (Malecón)",Vieques,18.0946399,-65.4721588,18.0946399,-65.4721588,0,OK,"El Malecón La Esperanza",establishment|natural_feature,Y,N,N,ChIJjfaRAgHIBIwRYp6Ry9jp05A,KEEP_CURRENT,
7b1c007a-ec93-4968-8952-558a47e94fd4,"Esperanza idrach",Guanica,17.964709,-66.908027,17.9647094,-66.9080271,0,OK,"La Piedra de Guanica",establishment|point_of_interest|tourist_attraction,Y,N,N,ChIJv9T9yS03HYwRjTgs_fqEStE,KEEP_CURRENT,
3a5f2682-8e82-4106-b6e7-b4cc96a2421e,"Espinar Beach",Aguada,18.3864,-67.2064,18.3841564,-67.2121654,658,HIGH,"Playa Pico de Piedra",establishment|point_of_interest|tourist_attraction,Y,N,Y,ChIJZcbZFcKkAowRdbLGF_Eywas,REVIEW_DUPLICATE,"Shared place_id with 1 other beach(es)"
42fc8726-4c43-4edf-b7f0-8b89b75e0904,"Esquinita María Playita",Ponce,17.96397,-66.613746,17.9639704,-66.6137455,0,OK,Torre,establishment|point_of_interest|tourist_attraction,Y,N,N,ChIJm49rdgDXHIwRkV-mKDF5sx8,KEEP_CURRENT,
96861085-457f-40ee-9be5-d717392f52f2,"Estacionamiento Playa Peñón Amador",Camuy,18.49085,-66.867028,18.4908499,-66.8670282,0,OK,"Playa Peñón Amador",establishment|point_of_interest|tourist_attraction,Y,N,N,ChIJIyhNELDpAowRqReZi-UYI2w,KEEP_CURRENT,
993906b3-0709-40a3-b372-526615296902,"Fishing Spot La Guancha",Ponce,17.967124,-66.608942,17.9671236,-66.6089417,0,OK,"Fishing Spot La Guancha",establishment|point_of_interest,Y,N,N,ChIJh22GLfTXHIwR8-rvfguMtBI,KEEP_CURRENT,
d5d51681-f744-4054-b76a-2f9b98a7b2f6,"Flamenco Beach",Culebra,18.328,-65.3153,18.3287973,-65.3172491,224,MEDIUM,"Playa Flamenco Beach",establishment|natural_feature,Y,N,Y,ChIJKRcnrcXoBIwRFLJNVzuOzkA,REVIEW_DUPLICATE,"Shared place_id with 3 other beach(es)"
7d134690-67c0-4467-b072-597891d14891,"Flecha's Beach House",Humacao,18.157794,-65.760012,18.1577935,-65.7600115,0,OK,"Flecha's Beach House",bar|establishment|point_of_interest,Y,N,N,ChIJnfFkaGilBIwRsdB58HQGhEc,KEEP_CURRENT,
efd30444-0236-434d-a3b6-e82bab59e013,"Fuerte Caprón",Guanica,17.960999,-66.902863,17.9609985,-66.9028625,0,OK,"Fuerte Caprón",establishment|park|point_of_interest|tourist_attraction,Y,N,N,ChIJTSjNT80wHYwRd9twcr6yoaw,KEEP_CURRENT,
f86a2f8f-5a07-40a8-bdfa-523b422e1d3a,"Gas Chambers",Aguadilla,18.460193,-67.165582,18.4587557,-67.1639648,234,MEDIUM,"Crash Boat Beach",establishment|natural_feature,Y,N,Y,ChIJBa_pxxi9AowR7rJ9I-N9kr0,REVIEW_DUPLICATE,"Shared place_id with 8 other beach(es)"
fb175f68-0117-45c6-89a4-e0c2b27cedf5,"Gasolina Beach Club",Arecibo,18.422888,-66.074363,18.422888,-66.074363,0,OK,"Gasolina Beach Club",establishment|natural_feature,Y,N,N,ChIJbUoSwcFoA4wRQcUyJeauq4o,KEEP_CURRENT,
74028052-6a0a-450f-b6b1-ef12d71b1464,"Gilligans Island",Guanica,17.942468,-66.871009,17.9424679,-66.8710087,0,OK,"Gilligans Island",establishment|natural_feature,Y,N,N,ChIJuXO_tZMwHYwRLDCDel96zyg,KEEP_CURRENT,
1f14493a-cfc4-406d-a409-203a848cc1f2,"Guajataca Beach (Quebradillas side)",Quebradillas,18.489,-66.9594,18.483525,-66.9020598,6078,CRITICAL,"Puerto Hermina Beach",establishment|point_of_interest|tourist_attraction,Y,N,Y,ChIJBYbHbPXpAowRzTtNN1-398I,REVIEW_DUPLICATE,"Shared place_id with 4 other beach(es)"
83eb2483-a20c-4d92-ac93-4f3376d976d1,"Guaniquilla Reserve Shore","Cabo Rojo",18.0414439,-67.2027776,18.1380129,-67.1835134,10929,CRITICAL,"Playa Punta Arenas",establishment|natural_feature,Y,N,N,ChIJobLgd1RNHYwR_TaEhkhcvrc,REVIEW_DISTANCE,"10929m off - may be wrong place"
11060a0d-de2b-4249-b560-b8aca884e417,"Heaven Beach",Guanica,17.931695,-66.935534,17.9316952,-66.9355338,0,OK,"Heaven Beach",establishment|natural_feature,Y,N,N,ChIJL3ROhdg5HYwRV-N70dSl8Rs,KEEP_CURRENT,
7753699a-f244-45c8-8434-42cd514ab025,"Hidden Beach",Guanica,17.934151,-66.956684,17.9341514,-66.9566838,0,OK,"Hidden Beach",establishment|natural_feature,Y,N,N,ChIJ2zFwGyo4HYwRB-2bils5alU,KEEP_CURRENT,
d78adbd6-56d3-4a83-b80a-6d4f8e2d8747,"Hobie Beach",Carolina,18.443908,-66.024006,18.4439083,-66.0240062,0,OK,"Hobie Beach",establishment|natural_feature,Y,N,N,ChIJY7CiQOdlA4wRMcltevDZyxI,KEEP_CURRENT,
a6435bb8-dadf-42b4-84b4-f273af4f6df0,"Hoya Mala Pocket (Hatillo)",Hatillo,18.5028,-66.8168,18.486438,-66.8336092,2540,CRITICAL,"El Gran Parque del Norte",establishment|park|point_of_interest|tourist_attraction,Y,N,Y,ChIJaYm973joAowRdXGhI4N-IyQ,REVIEW_DUPLICATE,"Shared place_id with 2 other beach(es)"
3a52834d-a05b-4ddd-a3cf-a0a74d862c11,"Humacao Nature Preserve",Humacao,18.150645,-65.772092,18.1506454,-65.7720919,0,OK,"Humacao Nature Preserve",establishment|park|point_of_interest|tourist_attraction,Y,N,N,ChIJnYZB1x2mBIwR8JhnzZapYGI,KEEP_CURRENT,
463d946b-f53c-4f20-b617-157e59096c40,"Húcares Beachfront Escape",Naguabo,18.192003,-65.719592,18.1920034,-65.7195921,0,OK,"Mansiones de Playa Húcares",establishment|point_of_interest,Y,N,N,ChIJu8YFX6WlBIwRiT59WjVQraw,KEEP_CURRENT,
cd94b8bb-ba5a-47b5-ba41-160708ec80e0,"Icacos Beach",Fajardo,18.383649,-65.591271,18.3836491,-65.5912707,0,OK,"Icacos Beach",establishment|natural_feature,Y,N,Y,ChIJo-skaRSRBIwR_hH7Vk0p09U,REVIEW_DUPLICATE,"Shared place_id with 1 other beach(es)"
45c8038a-d8d5-4309-8cd2-598c298ab5a9,"Ishibori (Jobos east pocket)",Isabela,18.5112,-67.0819,18.5141598,-67.0752276,777,HIGH,"Playa Jobos",establishment|natural_feature,Y,N,Y,ChIJoWNHuMaVAowRXjr3C7yfzuQ,REVIEW_DUPLICATE,"Shared place_id with 2 other beach(es)"
fda0b59b-110a-4283-b49a-d869f3018c2a,"Isla Caja de Muertos - Coffin Island",Ponce,17.893189,-66.521111,17.8931885,-66.5211113,0,OK,"Isla Caja de Muertos - Coffin Island",establishment|park|point_of_interest,Y,N,N,ChIJVVWpw7LQHIwRLbqexXWQDiQ,KEEP_CURRENT,
cc867644-ea79-4dc4-99d3-4bfd9809eebd,"Isla Culebrita – Tortuga Beach",Culebra,18.3184249,-65.2280577,18.3184249,-65.2280577,0,OK,"Playa Tortuga",establishment|point_of_interest|tourist_attraction,Y,N,N,ChIJSxEisxHnBIwR81vBOTPUCe4,KEEP_CURRENT,
d67cedac-3b3f-4534-9f30-640825befaba,"Isla Mata La Gata",Lajas,17.959968,-67.038241,17.959968,-67.0382413,0,OK,"Isla Mata La Gata",establishment|natural_feature,Y,N,Y,ChIJxbpkT2RIHYwRdg_UhaQUWCA,REVIEW_DUPLICATE,"Shared place_id with 4 other beach(es)"
0b4f5888-f849-4c25-82f8-b5e759b82f02,"Isla Verde Beach",Carolina,18.444946,-66.014054,18.4449457,-66.0140543,0,OK,"Isla Verde Beach",establishment|natural_feature,Y,N,N,ChIJByBSG9tlA4wRN1gNfNFYxVw,KEEP_CURRENT,
0dbcea70-2394-47a2-b556-64c57f2e4d09,"Isla Verde Ocean View",Carolina,18.446792,-66.034635,18.4467918,-66.034635,0,OK,"Isla Verde Ocean View",establishment|lodging|point_of_interest,Y,Y,N,ChIJOyV8cy9lA4wRihb6B7qnUR8,REVIEW_TYPE,"Suspect type: establishment,lodging,point_of_interest"
1942f331-97fe-41ee-bd3a-ce2624c4aa80,"Isla Verde – Alambique",Carolina,18.4438,-66.0098,18.4529514,-66.0495132,4311,CRITICAL,"Playa Ocean Park",establishment|natural_feature,Y,N,Y,ChIJ-6bC51pvA4wRwukW0mMIN34,REVIEW_DUPLICATE,"Shared place_id with 1 other beach(es)"
0d1ed542-4e52-43d0-bf3b-cab40570fe62,"Isla Verde – Balneario West Sector",Carolina,18.4447958,-66.0186136,18.4447958,-66.0186136,0,OK,"Isla Verde Beach West",establishment|natural_feature,Y,N,N,ChIJoSM6i9xlA4wResyLBn4ISGM,KEEP_CURRENT,
fe27dfb3-f9c5-452d-b6df-2976a4d5a56f,"Isla Verde – East Sector (near Boca)",Carolina,18.4489,-65.9947,18.4488345,-65.9990541,459,MEDIUM,"Balneario Isla Verde",establishment|natural_feature,Y,N,N,ChIJA7L0y8xlA4wRQkFDNxxHiIs,ACCEPT,"459m refinement"
e8ab8cda-8bf9-44bf-9620-b8708e98bd32,"Isla Verde – Pine Grove",Carolina,18.4414,-66.0174,18.4529514,-66.0495132,3623,CRITICAL,"Playa Ocean Park",establishment|natural_feature,Y,N,Y,ChIJ-6bC51pvA4wRwukW0mMIN34,REVIEW_DUPLICATE,"Shared place_id with 1 other beach(es)"
ab69a40e-be6b-40cc-b810-7b37881861df,"Isla de Cabras","Toa Baja",18.4599,-66.1189,18.4579743,-66.0749621,4639,CRITICAL,"Ventana al Mar",establishment|park|point_of_interest|tourist_attraction,Y,N,Y,ChIJZQSYdDlvA4wR_EvjZNy2gy4,REVIEW_DUPLICATE,"Shared place_id with 4 other beach(es)"
2633c18e-8a10-4657-93cd-112c54e65e65,"Isla de Ratones (Cayo Ratones)","Cabo Rojo",18.1976,-67.1608,18.1699559,-67.1787912,3614,CRITICAL,"Playa Bramadero",establishment|natural_feature,Y,N,Y,ChIJgaIoFJqyAowRzu1IXyOVyUE,REVIEW_DUPLICATE,"Shared place_id with 3 other beach(es)"
13487400-4d87-4432-9921-677394193394,"Islabela Beach Resort",Isabela,18.512663,-67.067364,18.5126626,-67.0673637,0,OK,"Paseo lineal oeste",establishment|park|point_of_interest,Y,N,N,ChIJU3ziRR2VAowRpNL4fLfXd1s,KEEP_CURRENT,
fb30d4f2-2a7c-46f0-b01b-e568a71db4df,"Islote Beach",Arecibo,18.4853,-66.7355,18.4817143,-66.6967257,4108,CRITICAL,"La Poza del Obispo",establishment|point_of_interest|tourist_attraction,Y,N,Y,ChIJqxFBYSfhAowRIxHRTrrv2A0,REVIEW_DUPLICATE,"Shared place_id with 9 other beach(es)"
0472de58-cc60-46ec-9d03-9d4a7ca4f78d,"Jagdish / Peña Brava Pocket",Aguadilla,18.4719,-67.1572,18.4587557,-67.1639648,1626,HIGH,"Crash Boat Beach",establishment|natural_feature,Y,N,Y,ChIJBa_pxxi9AowR7rJ9I-N9kr0,REVIEW_DUPLICATE,"Shared place_id with 8 other beach(es)"
35f5415d-c1e6-4cb9-9ec8-b4f89b5c3029,"Jobos Beach",Isabela,18.5142,-67.0753,18.5149883,-67.0738634,175,MEDIUM,"Pozo De Jacinto",establishment|point_of_interest|tourist_attraction,Y,N,N,ChIJDZTN-saVAowRBeEHEkF6P24,ACCEPT,"175m refinement"
08732079-3122-46d7-bacd-ab1c936355b2,"Joyuda Beach","Cabo Rojo",18.113292,-67.182124,18.1132918,-67.1821244,0,OK,"Joyuda Beach",establishment|natural_feature,Y,N,N,ChIJc7wRH2RNHYwRaAPqHF1r_Ow,KEEP_CURRENT,
9da55246-75f4-438a-a7ce-84dcb8d39385,"Joyuda Strip Beaches","Cabo Rojo",18.205,-67.16,18.1699559,-67.1787912,4373,CRITICAL,"Playa Bramadero",establishment|natural_feature,Y,N,Y,ChIJgaIoFJqyAowRzu1IXyOVyUE,REVIEW_DUPLICATE,"Shared place_id with 3 other beach(es)"
cbce3540-44d3-4638-99a6-29b2e03cdc85,"Kikita Beach",Dorado,18.4775248,-66.2622866,18.4775248,-66.2622866,0,OK,"Kikita Surf Beach",establishment|natural_feature,Y,N,Y,ChIJI50UmGcTA4wRci7UK8cLPR8,REVIEW_DUPLICATE,"Shared place_id with 6 other beach(es)"
13041750-3e67-42cb-bbaa-0da76fec6281,"Kikita Beach House",Dorado,18.477303,-66.259573,18.4773033,-66.2595729,0,OK,"Playa La Pocita De Kikita",establishment|point_of_interest|tourist_attraction,Y,N,N,ChIJ8ZIecV0TA4wRVHgLiJmaS7U,KEEP_CURRENT,
b27064d9-68a5-4910-a034-9796d5b93972,"La Boca (Río Grande de Arecibo)",Arecibo,18.4728,-66.713,18.4817143,-66.6967257,1982,HIGH,"La Poza del Obispo",establishment|point_of_interest|tourist_attraction,Y,N,Y,ChIJqxFBYSfhAowRIxHRTrrv2A0,REVIEW_DUPLICATE,"Shared place_id with 9 other beach(es)"
3c1c8d0f-eb75-44b4-ac85-aebd7ccb45a0,"La Chata (Vieques)",Vieques,18.1508,-65.4392,18.1486835,-65.4443074,589,HIGH,"Sea Glass Beach",establishment|natural_feature,Y,N,Y,ChIJt_tsIQ7HBIwRmgtiCjCFwRA,REVIEW_DUPLICATE,"Shared place_id with 2 other beach(es)"
55ee2125-b27e-45b0-a83f-f9ab53421d49,"La Chiva (Blue Beach)",Vieques,18.1129,-65.3875,18.1128874,-65.3874707,3,OK,"Playa La Chiva",establishment|natural_feature,Y,N,Y,ChIJW4Pr73PGBIwRH6q8dgIVCMo,REVIEW_DUPLICATE,"Shared place_id with 1 other beach(es)"
171005a5-d8ff-4ad7-a63b-6abaa334ac77,"La Cueva del Indio Cove (Isabela side)",Isabela,18.5059,-67.0252,18.5134912,-67.0654865,4331,CRITICAL,"Montones Beach",establishment|natural_feature,Y,N,N,ChIJUT7LbbmVAowRoZdQ9sMWpoY,REVIEW_DISTANCE,"4331m off - may be wrong place"
9702946d-2b18-45dc-b341-bb5b913b6a73,"La Endija De Blanca",Aguada,18.35794,-67.269533,18.35794,-67.2695332,0,OK,"Playa María",establishment|point_of_interest,Y,N,Y,ChIJYWwYDaSlAowRbUbTN5_yDNs,REVIEW_DUPLICATE,"Shared place_id with 1 other beach(es)"
11c2b942-3b9c-4aef-ad2c-daba49cc8b67,"La Guancha",Ponce,17.965957,-66.612552,17.9659567,-66.6125523,0,OK,"La Guancha",establishment|park|point_of_interest|tourist_attraction,Y,N,Y,ChIJN0uxbxzWHIwR97PNTw25HaU,REVIEW_DUPLICATE,"Shared place_id with 1 other beach(es)"
7c8d661e-090c-46f8-9612-f8cd5d00b543,"La Guancha Waterfront",Ponce,17.9697,-66.6181,17.9659567,-66.6125523,719,HIGH,"La Guancha",establishment|park|point_of_interest|tourist_attraction,Y,N,Y,ChIJN0uxbxzWHIwR97PNTw25HaU,REVIEW_DUPLICATE,"Shared place_id with 1 other beach(es)"
9482d550-4923-4497-a6e2-fd9185cbc5c0,"La Marginal",Arecibo,18.474208,-66.726763,18.4742076,-66.7267631,0,OK,"La Marginal",establishment|point_of_interest,Y,N,N,ChIJB5HkpzznAowRf4Vy0bai1Tg,KEEP_CURRENT,
5ade0a6b-534d-43b5-a7a4-b6e9cea33579,"La Ocho (Escambrón east reef)","San Juan",18.4666,-66.0849,18.4579743,-66.0749621,1421,HIGH,"Ventana al Mar",establishment|park|point_of_interest|tourist_attraction,Y,N,Y,ChIJZQSYdDlvA4wR_EvjZNy2gy4,REVIEW_DUPLICATE,"Shared place_id with 4 other beach(es)"
93e8fe8d-b714-4901-8aed-a4a00e64a1aa,"La Pared (Luquillo)",Luquillo,18.377,-65.7151,18.3763889,-65.7147222,79,OK,"Playa La Pared",establishment|natural_feature,Y,N,N,ChIJV9bOn3WZBIwRJlpcKiz8IAI,KEEP_CURRENT,
eab4f1cc-54a7-4a28-94db-db2aa757ebb2,"La Parguera Bioluminescent Bay Entry",Lajas,17.9738,-67.0289,17.959968,-67.0382413,1828,HIGH,"Isla Mata La Gata",establishment|natural_feature,Y,N,Y,ChIJxbpkT2RIHYwRdg_UhaQUWCA,REVIEW_DUPLICATE,"Shared place_id with 4 other beach(es)"
5469d0db-30d2-4db1-97a0-77f2cda3ee7c,"La Parguera Waterfront",Lajas,17.9722,-67.0458,17.959968,-67.0382413,1578,HIGH,"Isla Mata La Gata",establishment|natural_feature,Y,N,Y,ChIJxbpkT2RIHYwRdg_UhaQUWCA,REVIEW_DUPLICATE,"Shared place_id with 4 other beach(es)"
18d6eb00-0f09-43b2-9191-03f9c9a799f1,"La Plata / Platita",Vieques,18.0958,-65.4046,18.1083904,-65.4130697,1662,HIGH,"Caracas Beach",establishment|natural_feature,Y,N,Y,ChIJcQaWBjnGBIwRSydM6BJJotw,REVIEW_DUPLICATE,"Shared place_id with 4 other beach(es)"
7ee92e9a-71fa-4127-bd5c-fc961fe68ab5,"La Playuela (Playa Sucia)","Cabo Rojo",17.936031,-67.189038,17.9360306,-67.1890376,0,OK,"Playa Sucia",establishment|natural_feature,Y,N,Y,ChIJkapFqjRFHYwRPJyhEcRov78,REVIEW_DUPLICATE,"Shared place_id with 2 other beach(es)"
6ba10f05-2912-4197-b8b3-4fc87abf9bfa,"La Playuela, Cabo Rojo, Puerto Rico","Cabo Rojo",18.086627,-67.145735,18.0866265,-67.1457347,0,OK,"La Playuela, Cabo Rojo, Puerto Rico",establishment|natural_feature,Y,N,N,ChIJuWEwdqxNHYwRKuhDRw9Wnnk,KEEP_CURRENT,
69907ee7-2d30-4b30-9327-e332f1385405,"La Pocita de Mimosa",Fajardo,18.380396,-65.626722,18.3803955,-65.6267221,0,OK,"La Pocita de Mimosa",establishment|point_of_interest|tourist_attraction,Y,N,N,ChIJFbhtxfaXBIwRuyCBxJq4dac,KEEP_CURRENT,
2029990c-6a2f-4d15-be51-e98ad4fdcb18,"La Pocita de Piñones (east pool)",Loiza,18.4631,-65.9637,18.4544601,-65.9686675,1094,HIGH,"Terraplen La Posita de Piñones",establishment|natural_feature,Y,N,Y,ChIJVzIvfmtkA4wRp49SlZhoI-0,REVIEW_DUPLICATE,"Shared place_id with 4 other beach(es)"
c0a27892-6a9a-426e-8a5c-6650e7e3a236,"La Posita (Piñones)",Loiza,18.4565,-65.9797,18.4544601,-65.9686675,1186,HIGH,"Terraplen La Posita de Piñones",establishment|natural_feature,Y,N,Y,ChIJVzIvfmtkA4wRp49SlZhoI-0,REVIEW_DUPLICATE,"Shared place_id with 4 other beach(es)"
b457e362-41de-4e2a-8fe5-b6083038305d,"La Puntilla Shore (Cataño)",Catano,18.4391,-66.119,18.4418285,-66.1200843,324,MEDIUM,"Bahía Viva Cataño",establishment|park|point_of_interest|tourist_attraction,Y,N,N,ChIJyb_5HklpA4wRE35rXjgQ7g0,ACCEPT,"324m refinement"
4e18b90a-28a1-4417-95ae-0ffd04f7c175,"La Villa Pesquera (Mayagüez)",Mayaguez,18.1999,-67.1519,18.1699559,-67.1787912,4377,CRITICAL,"Playa Bramadero",establishment|natural_feature,Y,N,Y,ChIJgaIoFJqyAowRzu1IXyOVyUE,REVIEW_DUPLICATE,"Shared place_id with 3 other beach(es)"
e1865da8-e26e-4567-9238-9c638374bf47,"Lamela Beach","Cabo Rojo",18.065794,-67.196847,18.0657938,-67.1968466,0,OK,"Lamela Beach",establishment|natural_feature,Y,N,N,ChIJU_ZPXQ9SHYwR56Rn7C_aV0Y,KEEP_CURRENT,
53ed3b76-f8f6-4d39-bb65-7039b89e7bc3,"Las Criollas Beach",Barceloneta,18.4844,-66.577458,18.4844004,-66.5774582,0,OK,"Las Criollas Beach",establishment|natural_feature,Y,N,N,ChIJDYCKR1weA4wRbanjbbn-YmI,KEEP_CURRENT,
92036e31-0527-42a7-b87a-66bb70e8c797,"Las Croabas Waterfront",Fajardo,18.371841,-65.649139,18.3718409,-65.649139,0,OK,"Cabeza Chiquita Beach",establishment|natural_feature,Y,N,N,ChIJ2WsnPESXBIwR599ntx5gJYQ,KEEP_CURRENT,
cb638082-4150-4623-a52f-583af62aa8fd,"Las Palmas Beach",Manati,18.475225,-66.500422,18.4752252,-66.5004215,0,OK,"Las Palmas Beach",establishment|natural_feature,Y,N,N,ChIJC2oi3j4ZA4wRjlD16qi5A7E,KEEP_CURRENT,
3c6f22e6-1f3a-4fa6-b8be-2247696b4e3d,"Las Palmitas (Barceloneta)",Barceloneta,18.4714,-66.5471,18.4769675,-66.5067307,4302,CRITICAL,"La Poza de las Mujeres",establishment|natural_feature,Y,N,Y,ChIJ93gt_DgZA4wRrln5-PhrRVc,REVIEW_DUPLICATE,"Shared place_id with 3 other beach(es)"
8247bb67-9c1c-4c7d-b1af-cccfc071e4fc,"Las Picúas","Rio Grande",18.4278,-65.7706,18.389079,-65.756678,4549,CRITICAL,"Wyndham Grand Rio Mar Rainforest Beach and Golf Resort",establishment|lodging|point_of_interest,Y,Y,Y,ChIJT4XxK0yZBIwRRfl1CbK81pY,REVIEW_DUPLICATE,"Shared place_id with 3 other beach(es)"
7bbb76a2-99fb-4ef4-ac0a-ed18fc538b35,"Las Positas Del Lido","Vega Baja",18.489733,-66.409918,18.4897325,-66.4099184,0,OK,"Las Positas Del Lido",establishment|natural_feature,Y,N,N,ChIJkU-JZ7MQA4wRhHhwa0gnTSU,KEEP_CURRENT,
ca85931b-7892-4a1c-b7c0-f645eefe0b0d,"Las Salinas Shore","Cabo Rojo",17.9819,-67.1859,17.9766404,-67.2127867,2903,CRITICAL,"Playa El Combate Beach",establishment|natural_feature,Y,N,Y,ChIJk65gwGxQHYwRf999ZKFJtb4,REVIEW_DUPLICATE,"Shared place_id with 4 other beach(es)"
2a373ad5-6152-459f-8088-1e95ac0e8b09,"Litoral North Pocket",Mayaguez,18.2059,-67.1459,18.2346754,-67.1735134,4329,CRITICAL,"Playa Sabaneta",establishment|natural_feature,Y,N,Y,ChIJu2PfzvaxAowRPMH_-6R_Rjc,REVIEW_DUPLICATE,"Shared place_id with 3 other beach(es)"
aea136d0-9e2e-4e53-9890-b0bf0a8de010,"Little Malibu",Rincon,18.340396,-67.254975,18.3403961,-67.2549749,0,OK,"Rincon Beach North",establishment|food|point_of_interest|restaurant,Y,Y,N,ChIJL4fFAZKlAowRxAfF627CDQE,REVIEW_TYPE,"Suspect type: establishment,food,point_of_interest,restaurant"
f43b2f2e-2c15-482c-b97b-b070950fe587,"Los Morrillos (Arecibo)",Arecibo,18.4922,-66.716,18.4817143,-66.6967257,2343,CRITICAL,"La Poza del Obispo",establishment|point_of_interest|tourist_attraction,Y,N,Y,ChIJqxFBYSfhAowRIxHRTrrv2A0,REVIEW_DUPLICATE,"Shared place_id with 9 other beach(es)"
1aba91db-24d2-4114-a20f-152d6bac3d0d,"Los Pescadores",Lajas,17.972549,-67.051449,17.9725488,-67.0514488,0,OK,"Los Pescadores",establishment|natural_feature,Y,N,N,ChIJnY58b_RIHYwRz-w7vMNUVg4,KEEP_CURRENT,
182248a0-186d-4785-897e-b2edffdf40bd,"Los Pinos Beach",Camuy,18.490587,-66.849887,18.4905866,-66.8498868,0,OK,"Los Pinos Beach",establishment|point_of_interest|tourist_attraction,Y,N,N,ChIJgSbg91HoAowRPdOzC1CORm8,KEEP_CURRENT,
39dcee27-4d99-4285-9c77-0a75c088948d,"Los Pozos","Cabo Rojo",17.999632,-67.203272,17.9996321,-67.2032724,0,OK,"Playa Rústica Cabo Rojo",establishment|point_of_interest|tourist_attraction,Y,N,N,ChIJDw54flRRHYwR2QBKW4kwbXI,KEEP_CURRENT,
7c1eface-09be-486b-8f06-7ce7d0bf9a8a,"Los Tubos (Manatí)",Manati,18.4519,-66.4856,18.4727098,-66.485429,2314,CRITICAL,"Mar Chiquita Beach",establishment|natural_feature,Y,N,Y,ChIJvTQQmQ0ZA4wRXB-3UG-lDac,REVIEW_DUPLICATE,"Shared place_id with 5 other beach(es)"
926f5d77-8af9-4b04-a8e1-c547b262a2d3,"Los Tubos Beach",Manati,18.469254,-66.454645,18.4692544,-66.4546452,0,OK,"Palm palace",establishment|point_of_interest,Y,N,N,ChIJZ5UGCwkZA4wRWMjo8XCYxx0,KEEP_CURRENT,
e1baef52-9e2e-424f-ae38-e274f22d3bf3,"Lucia Beach Resort",Yabucoa,18.043534,-65.835012,18.0435335,-65.8350117,0,OK,"Playa Lucia Disc Golf",establishment|point_of_interest|tourist_attraction,Y,N,N,ChIJt4Y4Q2KrBIwR2mLeVCLLPDw,KEEP_CURRENT,
796658e6-c53b-4c60-abc9-f9b7227d10e1,"Luis Pena Beach",Culebra,18.311067,-65.332936,18.3110672,-65.3329363,0,OK,"Luis Pena Beach",establishment|natural_feature,Y,N,N,ChIJh-gYqeLoBIwRAfukR6VmSOo,KEEP_CURRENT,
eb393f52-b69c-422d-82d7-52285e363274,"Macho Beach",Ceiba,18.263567,-65.630715,18.2635673,-65.6307149,0,OK,"Macho Beach",establishment|natural_feature,Y,N,N,ChIJt4XPGxC9BIwRu9NmDMfSJRQ,KEEP_CURRENT,
ce20a9a9-3bb2-4cf8-a2e8-45be3d632e30,"Malecón de Naguabo Shore",Naguabo,18.1866,-65.7096,18.1864512,-65.7085516,112,MEDIUM,"My Country Beach House",establishment|lodging|point_of_interest,Y,Y,N,ChIJ0dNyCAqlBIwRhfBHAmJzNoU,REVIEW_TYPE,"Suspect type: establishment,lodging,point_of_interest"
00a932ae-7fe6-414f-aa20-8c74c8c8e116,"Mameyal Beach",Dorado,18.479338,-66.267235,18.4793378,-66.2672346,0,OK,"Mameyal Beach",establishment|point_of_interest|tourist_attraction,Y,N,N,ChIJg9Z0xmUTA4wR4kCKkV2QZsg,KEEP_CURRENT,
a29f192f-5130-4faf-845a-7087e9c683dc,"Mameyes River Mouth","Rio Grande",18.4029,-65.7522,18.389079,-65.756678,1608,HIGH,"Wyndham Grand Rio Mar Rainforest Beach and Golf Resort",establishment|lodging|point_of_interest,Y,Y,Y,ChIJT4XxK0yZBIwRRfl1CbK81pY,REVIEW_DUPLICATE,"Shared place_id with 3 other beach(es)"
af2e2a6f-3404-42fb-a794-6ce83760f290,"Mameyito (Aguada pocket)",Aguada,18.3916775,-67.1959535,18.3916775,-67.1959535,0,OK,"Mameyito Beach",establishment|point_of_interest|tourist_attraction,Y,N,N,ChIJz89PzuWlAowRF5npSNZ8xcA,KEEP_CURRENT,
5db9adc9-d180-4238-b28d-ea4cac27d966,"Manglillo Chiquito",Guanica,17.932838,-66.952077,17.9328378,-66.9520766,0,OK,"Manglillo Chiquito",establishment|natural_feature,Y,N,N,ChIJmT_Otyo4HYwRQjrn3OdTYK4,KEEP_CURRENT,
2525903c-85b5-4d60-b0ad-05c6f8f47d4a,"Mar Chiquita",Manati,18.4727,-66.4854,18.4727098,-66.485429,3,OK,"Mar Chiquita Beach",establishment|natural_feature,Y,N,Y,ChIJvTQQmQ0ZA4wRXB-3UG-lDac,REVIEW_DUPLICATE,"Shared place_id with 5 other beach(es)"
acaa3114-3479-4178-ab50-0660958aaf51,"Mar Chiquita East Ledge",Manati,18.4959,-66.5377,18.4769675,-66.5067307,3886,CRITICAL,"La Poza de las Mujeres",establishment|natural_feature,Y,N,Y,ChIJ93gt_DgZA4wRrln5-PhrRVc,REVIEW_DUPLICATE,"Shared place_id with 3 other beach(es)"
7de556cb-3e91-4b21-b8e9-3f3e0bb08ec5,"Mar Chiquita Village",Manati,18.468356,-66.481789,18.4683556,-66.481789,0,OK,"Mar Chiquita Village",establishment|lodging|point_of_interest,Y,Y,N,ChIJgUzj6w4ZA4wREI_NEdDfxA0,REVIEW_TYPE,"Suspect type: establishment,lodging,point_of_interest"
99a55a78-55d4-41f4-9e4b-7e17f8a6cafd,"Mar Chiquita West Flats",Manati,18.4931,-66.5436,18.4769675,-66.5067307,4282,CRITICAL,"La Poza de las Mujeres",establishment|natural_feature,Y,N,Y,ChIJ93gt_DgZA4wRrln5-PhrRVc,REVIEW_DUPLICATE,"Shared place_id with 3 other beach(es)"
94737a86-defc-4735-a417-aae5c17c2468,"Marina de Salinas Shore",Salinas,17.9708,-66.2972,17.9778953,-66.3321984,3785,CRITICAL,"Salinas Beach",establishment|point_of_interest|tourist_attraction,Y,N,N,ChIJM3OW_nfMHIwRMDZSyOvldDo,REVIEW_DISTANCE,"3785m off - may be wrong place"
21da5e24-4644-436c-8062-86d06b120468,"Martinica Beach",Aguadilla,18.4455,-67.1545,18.4587557,-67.1639648,1780,HIGH,"Crash Boat Beach",establishment|natural_feature,Y,N,Y,ChIJBa_pxxi9AowR7rJ9I-N9kr0,REVIEW_DUPLICATE,"Shared place_id with 8 other beach(es)"
06d0bfb4-3ba9-46dc-97a3-b8113259665d,"María’s Beach",Rincon,18.3538,-67.2673,18.35794,-67.2695332,517,HIGH,"Playa María",establishment|point_of_interest,Y,N,Y,ChIJYWwYDaSlAowRbUbTN5_yDNs,REVIEW_DUPLICATE,"Shared place_id with 1 other beach(es)"
71994220-a787-4276-9b22-23e37ffc6d04,"Mata La Gata",Lajas,17.9567,-67.045,17.959968,-67.0382413,802,HIGH,"Isla Mata La Gata",establishment|natural_feature,Y,N,Y,ChIJxbpkT2RIHYwRdg_UhaQUWCA,REVIEW_DUPLICATE,"Shared place_id with 4 other beach(es)"
6de1cf9b-2996-4394-a2ea-52a49c193d0f,"Media Luna (Vieques)",Vieques,18.0913,-65.4501,18.0912719,-65.4501449,6,OK,"Media Luna Beach",establishment|natural_feature,Y,N,N,ChIJa36b5nTIBIwRraIbHXJxdxI,KEEP_CURRENT,
d90a9446-4d46-43f5-9dbf-5bc82c71dad5,"Melones Beach",Culebra,18.303,-65.3107,18.3030119,-65.3107136,2,OK,"Melones Beach",establishment|natural_feature,Y,N,N,ChIJRYrQQ_PoBIwRXjvYSTcOalw,KEEP_CURRENT,
507a9563-39f0-4bd3-9d97-f5f09dc969ec,Middles,Isabela,18.5175,-67.0978,18.5141598,-67.0752276,2409,CRITICAL,"Playa Jobos",establishment|natural_feature,Y,N,Y,ChIJoWNHuMaVAowRXjr3C7yfzuQ,REVIEW_DUPLICATE,"Shared place_id with 2 other beach(es)"
43520f41-ed01-4d4f-90ca-d12b75eeb750,"Middles Beach",Isabela,18.512524,-67.041251,18.512524,-67.0412511,0,OK,"Middles Beach",establishment|natural_feature,Y,N,N,ChIJ7cb3xQiVAowRHzNDMeWMOms,KEEP_CURRENT,
e1755b9e-3a09-4ee0-ac87-6932ea8d330b,"Montones Beach",Isabela,18.5135,-67.0655,18.5141749,-67.064924,97,OK,"Playa Pocita Montones",establishment|point_of_interest|tourist_attraction,Y,N,N,ChIJC-PtaMOVAowRMboJ7f3fCj0,KEEP_CURRENT,
c3d06ad2-8642-4d04-a0a8-a2641d70af95,"Mosquito Bay Beach",Vieques,18.09802,-65.44127,18.0980202,-65.4412696,0,OK,"Mosquito Bay Beach",establishment|natural_feature,Y,N,N,ChIJyfXE7dnHBIwR7RfMA9-PuL4,KEEP_CURRENT,
b57451b0-f28c-41a7-9e16-7de254c9d24a,"Mosquito Pier (Rompeolas)",Vieques,18.1577,-65.4704,18.1486835,-65.4443074,2934,CRITICAL,"Sea Glass Beach",establishment|natural_feature,Y,N,Y,ChIJt_tsIQ7HBIwRmgtiCjCFwRA,REVIEW_DUPLICATE,"Shared place_id with 2 other beach(es)"
19fc86c5-e300-454c-b95a-c413d4f96448,"Muelle de Azúcar Beach",Aguadilla,18.445492,-67.159515,18.4454919,-67.159515,0,OK,"Muelle de Azúcar Beach",establishment|point_of_interest|tourist_attraction,Y,N,N,ChIJcUhdAOS8AowR0NN0vzSWN9c,KEEP_CURRENT,
8e7d53a1-b87e-4179-9e8c-718eb1ea2745,"Natural Pools of Manati",Manati,18.477025,-66.499824,18.4770251,-66.4998244,0,OK,"Punta Boquilla",establishment|natural_feature,Y,N,N,ChIJr4667T8ZA4wRCb2Nn4PDT8k,KEEP_CURRENT,
6cc2ad3b-fd91-489f-a03e-8fd55016b252,"Navio Beach",Vieques,18.0853,-65.4403,18.1083904,-65.4130697,3857,CRITICAL,"Caracas Beach",establishment|natural_feature,Y,N,Y,ChIJcQaWBjnGBIwRSydM6BJJotw,REVIEW_DUPLICATE,"Shared place_id with 4 other beach(es)"
d1bb8b4d-64f4-4d4d-8fa0-ce4d129ca1fa,"Ocean Park Beach","San Juan",18.453,-66.0495,18.4529514,-66.0495132,6,OK,"Playa Pública Ocean Park",establishment|point_of_interest,Y,N,N,ChIJdYXeit9vA4wRwt1vkpL9OSk,KEEP_CURRENT,
175baa52-b784-4b1b-bbe5-7b71fdea47c5,"Ocean Park – Barbosa Segment","San Juan",18.4529,-66.0657,18.4579743,-66.0749621,1128,HIGH,"Ventana al Mar",establishment|park|point_of_interest|tourist_attraction,Y,N,Y,ChIJZQSYdDlvA4wR_EvjZNy2gy4,REVIEW_DUPLICATE,"Shared place_id with 4 other beach(es)"
63649150-bb1e-4afd-b906-1c62152e5573,"Ojo de Agua Beach","Vega Baja",18.468513,-66.464876,18.4685128,-66.4648759,0,OK,"Pata Pata Beach",establishment|point_of_interest|tourist_attraction,Y,N,N,ChIJT6538rwZA4wRCn08DE8UUag,KEEP_CURRENT,
93e0e393-57dc-4f40-9e44-568370cb7d75,"Ojo del Buey",Dorado,18.4638,-66.273,18.4775248,-66.2622866,1899,HIGH,"Kikita Surf Beach",establishment|natural_feature,Y,N,Y,ChIJI50UmGcTA4wRci7UK8cLPR8,REVIEW_DUPLICATE,"Shared place_id with 6 other beach(es)"
bb3f3a4d-d6f2-477e-8cc7-6e8f6ae13bb6,"Palmas del Mar – Harbor Cove",Humacao,18.0919,-65.8093,18.0618737,-65.8207119,3550,CRITICAL,"Guayanés Beach",establishment|natural_feature,Y,N,Y,ChIJubCRWY-pBIwRKB63TGnt4EE,REVIEW_DUPLICATE,"Shared place_id with 2 other beach(es)"
eb5256a8-4101-4542-99ec-d5e80d88b8d5,"Palmas del mar beach",Humacao,18.087924,-65.794237,18.0879236,-65.7942374,0,OK,"Palmas del mar beach",establishment|natural_feature,Y,N,N,ChIJmfdrmBCpBIwRbDnucihcw7s,KEEP_CURRENT,
fb0a9a37-6f68-49af-b68b-04aaca49dbf2,"Parada Vista al Mar",Ponce,17.977235,-66.697272,17.9772346,-66.6972718,0,OK,"Parada Vista al Mar",establishment|point_of_interest|tourist_attraction,Y,N,N,ChIJBwxcuvApHYwRzbEPvVYqoas,KEEP_CURRENT,
f7ff41e9-9189-4524-83b0-101cb6ada020,"Parda Beach",Guanica,17.942476,-66.931484,17.9424756,-66.9314837,0,OK,"Parda Beach",establishment|point_of_interest|tourist_attraction,Y,N,N,ChIJrTW29Rs3HYwRr4nsIOcXVIE,KEEP_CURRENT,
78416e87-ab39-44bd-bd5a-b47c2c0da4ad,"Paseo Lineal Isabela",Isabela,18.512168,-67.046742,18.512168,-67.0467418,0,OK,"Paseo Lineal Isabela",establishment|park|point_of_interest|tourist_attraction,Y,N,N,ChIJZ7ir_AiVAowRHW5Zk17ew70,KEEP_CURRENT,
b5973391-bcd5-4ebd-b6b3-7388ed9e5645,"Paseo Tablado ""El Malecón de Naguabo""",Naguabo,18.1866,-65.7096,18.1891252,-65.7150086,637,HIGH,"Villa del Mar Castle",establishment|point_of_interest,Y,N,N,ChIJt_gqdnmlBIwRhFlzwymH7Jw,ACCEPT,"637m off - likely correct place, imprecise pin"
b8e4b2ec-89ad-4114-9a25-84e7cecb0edc,"Paseo de Aguadilla",Aguadilla,18.41956,-67.156253,18.4195599,-67.1562525,0,OK,"Paseo de Aguadilla",establishment|point_of_interest|tourist_attraction,Y,N,N,ChIJ5eHkyYm9AowRWHJ3NUv1AsI,KEEP_CURRENT,
3ad6231e-1213-471d-aae9-e0b44bc24bb0,"Pastillo Beach",Isabela,18.4736,-66.9489,18.4889958,-66.959382,2038,CRITICAL,"Playa Guajataca",establishment|natural_feature,Y,N,Y,ChIJJWxjT4zqAowRn8yM0AY-tBY,REVIEW_DUPLICATE,"Shared place_id with 2 other beach(es)"
85ec3650-ba5c-4e60-8858-41cdb6ecb3f1,"Pata Prieta (Secret Beach)",Vieques,18.0925,-65.4475,18.1083904,-65.4130697,4045,CRITICAL,"Caracas Beach",establishment|natural_feature,Y,N,Y,ChIJcQaWBjnGBIwRSydM6BJJotw,REVIEW_DUPLICATE,"Shared place_id with 4 other beach(es)"
f1b2f341-9e93-4f4a-a3cc-9ce8a8f5e22d,"Peña Blanca (Wishing Well)",Aguadilla,18.4654,-67.1623,18.4722425,-67.1689469,1035,HIGH,"Peña Blanca Beach",establishment|natural_feature,Y,N,Y,ChIJqzY9Dz-9AowRE2TizKb6Mk4,REVIEW_DUPLICATE,"Shared place_id with 1 other beach(es)"
9c5e706c-7209-496b-ba38-623e9f205471,"Peña Blanca Aguadilla",Aguadilla,18.472243,-67.168947,18.4722425,-67.1689469,0,OK,"Peña Blanca Beach",establishment|natural_feature,Y,N,Y,ChIJqzY9Dz-9AowRE2TizKb6Mk4,REVIEW_DUPLICATE,"Shared place_id with 1 other beach(es)"
558fb7c4-d0d2-42bd-8ba2-625e3a2cbd8f,"Peña Martinica Beach",Aguadilla,18.507966,-67.136147,18.5079655,-67.1361469,0,OK,"Survival Beach",establishment|natural_feature,Y,N,N,ChIJ8aS83jOWAowRHJb5vndCQ5o,KEEP_CURRENT,
3d16c2d9-447d-458d-a3f1-14e34d03f70f,"Peñón Brusi",Camuy,18.490141,-66.855869,18.4901411,-66.8558688,0,OK,"Playa Peñon Brusi",establishment|natural_feature,Y,N,N,ChIJifnJrLLpAowRHUCGltPikvk,KEEP_CURRENT,
1ebbf02d-4ea2-499b-ab67-8444f2623f50,"Pico de Piedra",Aguada,18.3826,-67.1877,18.3841564,-67.2121654,2587,CRITICAL,"Playa Pico de Piedra",establishment|point_of_interest|tourist_attraction,Y,N,Y,ChIJZcbZFcKkAowRdbLGF_Eywas,REVIEW_DUPLICATE,"Shared place_id with 1 other beach(es)"
fdb4f330-bed8-4438-8e43-63afc9ec6fa5,"Piedra Las Guaretas (Cueva de las Cabras)",Yabucoa,18.032906,-65.831043,18.032906,-65.831043,0,OK,"Piedra Las Guaretas (Cueva de las Cabras)",establishment|point_of_interest|tourist_attraction,Y,N,N,ChIJ2dzCs-CrBIwRFUqejcynFWY,KEEP_CURRENT,
5c77e48b-c0fb-45bc-aad4-69e3eddc3903,"Piedras Beach","Santa Isabel",17.978657,-66.44418,17.9786566,-66.4441799,0,OK,"Piedras Beach",establishment|point_of_interest|tourist_attraction,Y,N,N,ChIJ-RvbmDXTHIwRVpkl_WrNVL4,KEEP_CURRENT,
af89a00e-6fcd-4904-a77f-e7ebdc7135e9,Pitahaya,"Cabo Rojo",17.952164,-67.132917,17.9521644,-67.1329172,0,OK,"Playa La Pitahaya",establishment|point_of_interest|tourist_attraction,Y,N,N,ChIJeXzLiYZFHYwRqNyESphYv1k,KEEP_CURRENT,
9ec2d967-8630-41fe-ba23-4f9095230b40,"Pitahaya Cove","Cabo Rojo",17.9559,-67.183,17.9766404,-67.2127867,3904,CRITICAL,"Playa El Combate Beach",establishment|natural_feature,Y,N,Y,ChIJk65gwGxQHYwRf999ZKFJtb4,REVIEW_DUPLICATE,"Shared place_id with 4 other beach(es)"
0d60f498-6112-4acb-9051-bf6bb0f0c140,"Piñones Boardwalk Shore",Loiza,18.4476,-65.907,18.4475762,-65.9069741,4,OK,"Playa Piñones",establishment|natural_feature,Y,N,Y,ChIJO2vFYrRjA4wRiXV0YkDBTi4,REVIEW_DUPLICATE,"Shared place_id with 1 other beach(es)"
914755c4-76f0-414f-bd94-e1f3918c9ceb,Playa,Isabela,17.986143,-66.611692,17.986143,-66.6116916,0,OK,Playa,administrative_area_level_2|political,N,N,N,ChIJR_uISP_WHIwR__NLjlpKcYw,KEEP_CURRENT,
43ab7808-b3df-4c61-92d7-2884718eac25,"Playa ""Tres Tubos"" Beach","Cabo Rojo",18.135835,-67.186003,18.1358346,-67.1860028,0,OK,"Playa ""Tres Tubos"" Beach",establishment|natural_feature,Y,N,N,ChIJLwFIhFZNHYwRYOyIpK6OY2s,KEEP_CURRENT,
7d79015e-8368-4850-88ca-f56276cfa86e,"Playa Abacoa",Arecibo,18.472245,-66.706338,18.4722452,-66.7063377,0,OK,"Playa Abacoa",establishment|point_of_interest|tourist_attraction,Y,N,N,ChIJZ8C98dHgAowRG98YDmBXU5w,KEEP_CURRENT,
b0a0d238-a104-4c01-afaa-1657474b4440,"Playa Arena Negra",Maunabo,17.991382,-65.893824,17.9913823,-65.8938238,0,OK,"Playa Los Bohios",establishment|point_of_interest|tourist_attraction,Y,N,Y,ChIJdy86JUNVA4wR2Cg9WpGyiF0,REVIEW_DUPLICATE,"Shared place_id with 1 other beach(es)"
e2903e43-b05b-47d5-82b9-a10f7430fe54,"Playa Ashford","San Juan",18.456573,-66.064853,18.4565734,-66.0648532,0,OK,"Playa Ashford",establishment|point_of_interest|tourist_attraction,Y,N,N,ChIJVcj6fCBvA4wRtqwHi0ylYWI,KEEP_CURRENT,
f33eb9b1-b40b-4e06-8e5e-734830e2bd8b,"Playa Azul",Luquillo,18.3807836,-65.7184957,18.3807836,-65.7184957,0,OK,"Playa Azul",neighborhood|political,N,N,N,ChIJwfa2uXaZBIwRzYevOhfHP1g,KEEP_CURRENT,
2c7c5e38-fd15-4385-93a9-6cf29a8d9d0c,"Playa Azul (Luquillo)",Luquillo,18.377,-65.7151,18.389079,-65.756678,4588,CRITICAL,"Wyndham Grand Rio Mar Rainforest Beach and Golf Resort",establishment|lodging|point_of_interest,Y,Y,Y,ChIJT4XxK0yZBIwRRfl1CbK81pY,REVIEW_DUPLICATE,"Shared place_id with 3 other beach(es)"
5d689927-ac2f-488a-b4cd-b4993fd996eb,"Playa Ballena (Guánica)",Guanica,17.9566297,-66.8562165,17.9566297,-66.8562165,0,OK,"Playa Ballena",establishment|point_of_interest|tourist_attraction,Y,N,N,ChIJY138PAAxHYwRDXBGwIOLF98,KEEP_CURRENT,
e54b228c-cc7b-46b3-bafb-09408fb6797e,"Playa Barlovento Beach",Dorado,18.473738,-66.294233,18.4737382,-66.2942327,0,OK,"Playa Barlovento Beach",establishment|point_of_interest|tourist_attraction,Y,N,N,ChIJo9w6UVcTA4wRCIAcW9j30HY,KEEP_CURRENT,
e33f3131-a959-4727-88ac-72677b1a8da7,"Playa Blaydin",Vieques,18.1318165,-65.5126709,18.1318165,-65.5126709,0,OK,"Playa Blaydin",establishment|point_of_interest|tourist_attraction,Y,N,N,ChIJy9rUJEm4BIwR5EtDDXnNShQ,KEEP_CURRENT,
1719df7b-3594-4bc3-a651-048304c6db0c,"Playa Brava",Culebra,18.331032,-65.287007,18.3310321,-65.2870068,0,OK,"Playa Brava",establishment|natural_feature,Y,N,N,ChIJA0nV4anoBIwR89b9LO3_H-w,KEEP_CURRENT,
37248dac-ab6a-48bf-bcea-458ead631b52,"Playa Brava (Culebra)",Culebra,18.3458,-65.2748,18.3287973,-65.3172491,4863,CRITICAL,"Playa Flamenco Beach",establishment|natural_feature,Y,N,Y,ChIJKRcnrcXoBIwRFLJNVzuOzkA,REVIEW_DUPLICATE,"Shared place_id with 3 other beach(es)"
42c86b59-fc0c-4884-959c-284df057d0d8,"Playa Buye","Cabo Rojo",18.047224,-67.198855,18.0496771,-67.1985378,275,MEDIUM,"Buyé Beach",establishment|natural_feature,Y,N,Y,ChIJk4GYevlRHYwRFcmsmqDLatA,REVIEW_DUPLICATE,"Shared place_id with 4 other beach(es)"
a8bec903-baf0-4d3f-9bd4-8e58619a8835,"Playa CV Sea","San Juan",18.449984,-66.036835,18.449984,-66.036835,0,OK,"Playa CV Sea",establishment|natural_feature,Y,N,N,ChIJ522OgvplA4wRuuDlAYKABL0,KEEP_CURRENT,
74c85424-6397-4640-9115-f53a860654e7,"Playa California",Maunabo,17.982827,-65.907554,17.9828265,-65.9075541,0,OK,"Playa California",establishment|point_of_interest|tourist_attraction,Y,N,N,ChIJIX8JPORVA4wR21mi8VqrWfE,KEEP_CURRENT,
59481cbe-1cb8-408d-9c58-97cbfe2d80d7,"Playa Canalejo",Fajardo,18.377729,-65.617662,18.377729,-65.6176616,0,OK,"Playa Canalejo",establishment|natural_feature,Y,N,N,ChIJPesK8NWWBIwRZL49sQ_Bb90,KEEP_CURRENT,
90c68cbe-928f-4887-b8d1-b3e67ee1f468,"Playa Caracoles",Caguas,18.493078,-66.625218,18.4930779,-66.6252183,0,OK,"Playa Caracoles",establishment|point_of_interest|tourist_attraction,Y,N,N,ChIJJ_nhgEPhAowRs2FB4FWrhHs,KEEP_CURRENT,
b6fe17e0-7af7-453f-b3bc-4e307f1dcf76,"Playa Colora (Fajardo)",Fajardo,18.3769,-65.6412,18.3768981,-65.6411742,3,OK,"Playa Colora",establishment|natural_feature,Y,N,N,ChIJT9A2sTeXBIwRVy_tTbmBUno,KEEP_CURRENT,
50ef3807-957c-4997-824c-ea5d94db79b1,"Playa Costa Dorado Este",Dorado,18.479048,-66.271202,18.4790481,-66.2712023,0,OK,"Playa Costa Dorado Este",establishment|point_of_interest|tourist_attraction,Y,N,N,ChIJ5aug8JQTA4wR7j0PvP1bGDQ,KEEP_CURRENT,
366523c1-2559-4f74-8cb5-89a7ca87d5b5,"Playa Córcega",Rincon,18.312982,-67.240941,18.3129815,-67.2409409,0,OK,"Playa Córcega",establishment|point_of_interest|tourist_attraction,Y,N,N,ChIJ8Y6CmOGvAowR-4I2mTo7jUs,KEEP_CURRENT,
49a1e3d5-c088-4d23-b438-d3314c33fabd,"Playa Datiles (Dátiles)",Culebra,18.3065,-65.2895,18.3287973,-65.3172491,3838,CRITICAL,"Playa Flamenco Beach",establishment|natural_feature,Y,N,Y,ChIJKRcnrcXoBIwRFLJNVzuOzkA,REVIEW_DUPLICATE,"Shared place_id with 3 other beach(es)"
53142ede-cede-4daa-aad4-9dd41ec39d54,"Playa De Cascajo",Culebra,18.292457,-65.295991,18.2924567,-65.2959912,0,OK,"Playa de Cascajo",establishment|natural_feature,Y,N,N,ChIJNZqTF33oBIwRJW5QoEkKuAw,KEEP_CURRENT,
96d53b4a-8320-4a55-8d24-3c548454804f,"Playa De Elohim",Arecibo,18.486026,-66.676709,18.4860256,-66.6767094,0,OK,"Playa De Elohim",establishment|point_of_interest|tourist_attraction,Y,N,N,ChIJ--viMADhAowRD0TAes-86JQ,KEEP_CURRENT,
02f51425-42c7-42dc-a019-3a18fd8a0590,"Playa De Guayanilla",Guayanilla,18.006574,-66.767733,18.0065735,-66.7677328,0,OK,"Rampa Guayanilla",establishment|natural_feature,Y,N,Y,ChIJf9OeSNEtHYwRjAZToFhWt4I,REVIEW_DUPLICATE,"Shared place_id with 1 other beach(es)"
529fbe08-e9e4-4804-bb75-2f33e7795f16,"Playa De Jaboncillo",Guanica,17.953259,-66.904293,17.953259,-66.9042928,0,OK,"Playa Jaboncillo",establishment|point_of_interest|tourist_attraction,Y,N,N,ChIJdSFqKDU3HYwREw24qY_rFWs,KEEP_CURRENT,
e6c92e85-cf93-4b9f-a579-3ecf818c569b,"Playa De Los Cabes","San Juan",18.471611,-66.119889,18.4716114,-66.1198886,0,OK,"Playa de los Cabes",establishment|natural_feature,Y,N,N,ChIJ0e6V2r9uA4wR5UTK4k4FuVc,KEEP_CURRENT,
beb6b6e8-c0a8-4d19-82bd-bb3c801d3320,"Playa De Luquillo",Luquillo,18.386061,-65.729607,18.3860611,-65.729607,0,OK,"Playa de Luquillo",establishment|natural_feature,Y,N,N,ChIJ93S6Z2-ZBIwRIct8m7WaTgk,KEEP_CURRENT,
eb01402b-adea-456b-8f0f-1035c206d1a2,"Playa De Salinas",Salinas,17.962467,-66.300446,17.9624666,-66.3004461,0,OK,"Playa de Salinas",neighborhood|political,N,N,N,ChIJCzlYZsfLHIwRmzfbgKRqgLA,KEEP_CURRENT,
6fff6925-a18d-4a88-9acf-17df9797e61d,"Playa De Sardinas",Culebra,18.302179,-65.303769,18.3021787,-65.3037692,0,OK,"Playa de Sardinas",establishment|natural_feature,Y,N,N,ChIJ_bTsHozoBIwRl13wA_aGnNw,KEEP_CURRENT,
8a78f336-ea3c-4e31-84a5-477128517f83,"Playa De Sardinera",Dorado,18.476033,-66.296742,18.476033,-66.2967416,0,OK,"Playa de Sardinera",establishment|natural_feature,Y,N,N,ChIJwyWtfYgTA4wR8SZ2bQ1G6lM,KEEP_CURRENT,
835b4f0f-63b3-46e1-9b3e-8afd1adb2520,"Playa De Vega","Vega Baja",18.4906477,-66.3956018,18.4906477,-66.3956018,0,OK,"Playa De Vega",establishment|natural_feature,Y,N,N,ChIJ_YlfVMkQA4wRKTXigR8WZxA,KEEP_CURRENT,
a6868f15-a715-499e-9940-5bcdea3e77cc,"Playa Dienero",Culebra,18.286901,-65.284324,18.2869014,-65.2843241,0,OK,"Playa Dienero",establishment|natural_feature,Y,N,N,ChIJMVnqDNbnBIwRCTPoXOAXsw8,KEEP_CURRENT,
02e12f0f-8b43-4c10-a533-f6f65b4d6cbe,"Playa Doña Lala Beach",Rincon,18.336753,-67.252759,18.3366589,-67.2536532,95,OK,"Playa Rincon Bella",establishment|point_of_interest|tourist_attraction,Y,N,N,ChIJGTxnexilAowRR_bXV-6nhbc,KEEP_CURRENT,
5b1e95ae-5427-4c76-8d8e-34a976628534,"Playa Dátiles",Culebra,18.296146,-65.300635,18.296146,-65.3006352,0,OK,"Playa Dátiles",establishment|point_of_interest|tourist_attraction,Y,N,N,ChIJfeQhxFvpBIwRB2lYVFlKYFI,KEEP_CURRENT,
27d36ac0-4907-4a60-a9e7-0948930b2cfb,"Playa El Convento",Fajardo,18.362174,-65.648773,18.3621741,-65.6487727,0,OK,"Playa el Convento",establishment|natural_feature,Y,N,N,ChIJB6uynGmXBIwRfHumNEdk734,KEEP_CURRENT,
ac067f4a-cddf-45de-985d-061069e6ba39,"Playa El Guano",Yabucoa,18.014949,-65.846112,18.0149493,-65.8461117,0,OK,"Playa El Guano",establishment|point_of_interest|tourist_attraction,Y,N,N,ChIJVQlJjLirBIwRVybiOgQVsC8,KEEP_CURRENT,
f599dda6-a3db-44df-b4fc-53975ae10c62,"Playa El Muelle (Arecibo)",Arecibo,18.4706,-66.7137,18.4817143,-66.6967257,2175,CRITICAL,"La Poza del Obispo",establishment|point_of_interest|tourist_attraction,Y,N,Y,ChIJqxFBYSfhAowRIxHRTrrv2A0,REVIEW_DUPLICATE,"Shared place_id with 9 other beach(es)"
1ddd9df9-2558-4971-9c06-d8c35921f17b,"Playa El Único",Dorado,18.46767,-66.236895,18.4676704,-66.2368945,0,OK,"Playa El Único",establishment|point_of_interest|tourist_attraction,Y,N,N,ChIJi8V1LVUTA4wRKMWSSHUin_A,KEEP_CURRENT,
355f2ab5-9546-403a-85e4-9fdbbfbab154,"Playa Escondida (Fajardo)",Fajardo,18.3767,-65.6453,18.3766925,-65.6452632,4,OK,"Playa Escondida",establishment|point_of_interest|tourist_attraction,Y,N,N,ChIJecve9EiXBIwR85eeHhB5_ok,KEEP_CURRENT,
6b007df8-e1d5-41d9-985d-a1135e8f9312,"Playa Fortuna (Luquillo west)",Luquillo,18.3803,-65.7426,18.3843827,-65.7295596,1449,HIGH,"Luquillo Beach",establishment|natural_feature,Y,N,Y,ChIJGaBeR2-ZBIwRo1cWgmGl1rg,REVIEW_DUPLICATE,"Shared place_id with 1 other beach(es)"
474b46c1-27b3-458d-95be-3c23543f6a3c,"Playa Grande",Vieques,18.0896744,-65.5130475,18.0896744,-65.5130475,0,OK,"Playa Grande",establishment|natural_feature,Y,N,N,ChIJ0dcx9pq3BIwRyX1JQx9kf6s,KEEP_CURRENT,
bcde7a09-303e-4e06-b80d-e88535da81d8,"Playa Grande (Vieques)",Vieques,18.0936,-65.5072,18.0957199,-65.492351,1587,HIGH,"Black Sand Beach",establishment|natural_feature,Y,N,Y,ChIJOzwCsPa3BIwRY37gWsCq6X0,REVIEW_DUPLICATE,"Shared place_id with 4 other beach(es)"
9635f6f4-c82c-452e-b7ac-a188e5f95704,"Playa Guardarraya",Patillas,17.9744,-65.9883,17.9744317,-65.9883392,5,OK,"Villa Pesquera Beach of Patillas",establishment|point_of_interest|tourist_attraction,Y,N,Y,ChIJWTlRPdusHIwRiow3D6TTVqA,REVIEW_DUPLICATE,"Shared place_id with 1 other beach(es)"
c0baac8b-210e-446c-9d19-a19a6a25bca8,"Playa Guayanés (Yabucoa)",Yabucoa,18.0618737,-65.8207119,18.0621889,-65.8206555,36,OK,"Los Bohios Playa Guayanes",establishment|point_of_interest|tourist_attraction,Y,N,N,ChIJEQybwnOpBIwRLrLcKjgUqBk,KEEP_CURRENT,
3ad71050-91bc-40ca-977a-cbb71cf5bbb6,"Playa Inches (Patillas)",Patillas,17.9948,-66.0022,17.9744317,-65.9883392,2698,CRITICAL,"Villa Pesquera Beach of Patillas",establishment|point_of_interest|tourist_attraction,Y,N,Y,ChIJWTlRPdusHIwRiow3D6TTVqA,REVIEW_DUPLICATE,"Shared place_id with 1 other beach(es)"
1324b25e-0d1b-4831-8bba-060c1ffcd18a,"Playa India",Aguadilla,18.4634085,-67.1634694,18.4634085,-67.1634694,0,OK,"Playa India",route,N,N,N,ChIJ1QTqjxe9AowR5r2gDWkczcA,KEEP_CURRENT,
eb00222c-0882-47c8-be6e-4c02a5588427,"Playa Isla Mattei",Lajas,17.96751,-67.012839,17.9675098,-67.0128394,0,OK,"Playa Isla Mattei",establishment|point_of_interest|tourist_attraction,Y,N,N,ChIJ27RlujxJHYwRW6YaTafrh9Y,KEEP_CURRENT,
1a6bb2ea-e804-47be-901b-3f98af0dc2f6,"Playa Jaboncillo (Guánica)",Guanica,17.9688,-66.9008,17.9532179,-66.879647,2830,CRITICAL,"Copamarina Beach Resort & Spa",bar|cafe|establishment|food|lodging|point_of_interest|restaurant|spa|store,Y,Y,Y,ChIJjZ-uUtpOA4wRC3eAHm0miT4,REVIEW_DUPLICATE,"Shared place_id with 2 other beach(es)"
80ec2818-c4c1-4814-ae23-9afc8eda98a4,"Playa Jauca","Santa Isabel",17.9615,-66.4165,17.9538016,-66.4058964,1411,HIGH,"Malecón de Santa Isabel",establishment|point_of_interest|tourist_attraction,Y,N,N,ChIJM77jsU7PHIwRAZILe1cziNE,ACCEPT,"1411m off - likely correct place, imprecise pin"
b47b04e2-a69e-4fb5-b836-952e7467d262,"Playa Jenchris Arena Negra",Arecibo,18.474257,-66.73726,18.4742566,-66.7372602,0,OK,"Playa Jenchris Arena Negra",establishment|point_of_interest|tourist_attraction,Y,N,N,ChIJLzSZdXfnAowRPI9ulgEMB6A,KEEP_CURRENT,
4d6f648b-a653-4401-a857-097c9fd6b0c3,"Playa La Chiva",Vieques,18.112578,-65.382951,18.1128874,-65.3874707,479,MEDIUM,"Playa La Chiva",establishment|natural_feature,Y,N,Y,ChIJW4Pr73PGBIwRH6q8dgIVCMo,REVIEW_DUPLICATE,"Shared place_id with 1 other beach(es)"
337fbaa8-6f4a-4640-9ef8-a1c71c78513d,"Playa La Cueva del Perro (pocket)",Arecibo,18.5018,-66.7108,18.4817143,-66.6967257,2682,CRITICAL,"La Poza del Obispo",establishment|point_of_interest|tourist_attraction,Y,N,Y,ChIJqxFBYSfhAowRIxHRTrrv2A0,REVIEW_DUPLICATE,"Shared place_id with 9 other beach(es)"
f946b686-0560-4f2e-ae6d-c3e38cd2ce32,"Playa La Esperanza",Manati,18.483953,-66.525678,18.483953,-66.5256779,0,OK,"Playa punta Manati",establishment|point_of_interest,Y,N,N,ChIJna2qaN4fA4wRtvWYmZOSncM,KEEP_CURRENT,
8b116d2e-e7d1-4bf8-bcd8-56566dac37d1,"Playa La Esperanza (Tierras Nuevas)",Manati,18.0917,-65.4697,18.4727098,-66.485429,115308,CRITICAL,"Mar Chiquita Beach",establishment|natural_feature,Y,N,Y,ChIJvTQQmQ0ZA4wRXB-3UG-lDac,REVIEW_DUPLICATE,"Shared place_id with 5 other beach(es)"
46f1bfff-dcd7-49cc-b268-cf1474b5e020,"Playa La Fanduca",Naguabo,18.184594,-65.706978,18.1845942,-65.7069784,0,OK,"Playa La Fanduca",establishment|point_of_interest|tourist_attraction,Y,N,N,ChIJvXV5zLmlBIwRSSpsnGhDvEQ,KEEP_CURRENT,
15180318-747f-4a81-96df-4dfce0092bcb,"Playa La Jungla",Guanica,17.94593,-66.965752,17.94593,-66.9657519,0,OK,"Playa La Jungla, Guanica.",establishment|natural_feature,Y,N,N,ChIJIxkVyo83HYwRb-4jLEdcZDU,KEEP_CURRENT,
843fe4d6-d657-4578-869f-614c61f190db,"Playa La Mela Cabo Rojo","Cabo Rojo",18.063353,-67.197315,18.063353,-67.197315,0,OK,"Playa La Mela Cabo Rojo",establishment|natural_feature,Y,N,N,ChIJVczcuwVSHYwRTdAiubMXj2c,KEEP_CURRENT,
17b5d8e1-2e68-407f-b848-a2f1346374a3,"Playa La Palmita",Barceloneta,18.485647,-66.564629,18.4856466,-66.5646292,0,OK,"Playa La Palmita",establishment|natural_feature,Y,N,N,ChIJQ--Cr_QeA4wRIljOJo2CWto,KEEP_CURRENT,
511d87ff-6412-4b7e-83fc-f8c7abc70b85,"Playa La Plata",Vieques,18.117716,-65.37605,18.1177157,-65.3760499,0,OK,"Playa La Plata",establishment|point_of_interest|tourist_attraction,Y,N,N,ChIJL3oLX9fFBIwRX-qxXDARMM0,KEEP_CURRENT,
9e5e1bd3-db31-4b7d-99db-5b697b6b7898,"Playa La Pollera","Cabo Rojo",17.937624,-67.196832,17.9376243,-67.1968321,0,OK,"Playa La Pollera",establishment|point_of_interest|tourist_attraction,Y,N,N,ChIJK9PMwxZbHYwRcjcKK9d6C5I,KEEP_CURRENT,
d3f0ccd4-db0b-46b7-9cfb-395de467866b,"Playa La Ruina",Aguadilla,18.488831,-67.161848,18.488831,-67.1618476,0,OK,"Playa La Ruina",establishment|natural_feature,Y,N,N,ChIJEY2t6Ga9AowRYCQKJ6IUP0o,KEEP_CURRENT,
312bb36e-27e0-4c84-b4b4-27f2f951f38c,"Playa Las Golondrinas",Isabela,18.477952,-66.509275,18.4779518,-66.5092752,0,OK,"Cueva de las Golondrinas",establishment|natural_feature,Y,N,Y,ChIJK1BhEzgZA4wRz_wJ6Nwt0Yw,REVIEW_DUPLICATE,"Shared place_id with 1 other beach(es)"
1e5d3572-413f-49fb-945f-150ba15ca598,"Playa Las Llanas (Islote)",Arecibo,18.4909,-66.7262,18.4817143,-66.6967257,3272,CRITICAL,"La Poza del Obispo",establishment|point_of_interest|tourist_attraction,Y,N,Y,ChIJqxFBYSfhAowRIxHRTrrv2A0,REVIEW_DUPLICATE,"Shared place_id with 9 other beach(es)"
f91e97ef-25c7-40af-b5c7-c9a3f4fd2c17,"Playa Las Mareas (Arroyo)",Arroyo,17.9583056,-66.0567222,17.9628792,-66.0650669,1019,HIGH,"Paseo Las Américas",establishment|point_of_interest|tourist_attraction,Y,N,N,ChIJ2y3uMoyyHIwROSbmbosPdEY,ACCEPT,"1019m off - likely correct place, imprecise pin"
69cc5165-416b-4257-99ac-17a503826307,"Playa Las Marías",Barceloneta,18.4790055,-66.5164272,18.479853,-66.5179745,188,MEDIUM,"Reserva Natural de Manati",establishment|point_of_interest|tourist_attraction,Y,N,N,ChIJKR7MvgEZA4wRtxbyTp5pLZU,ACCEPT,"188m refinement"
e600dadb-e182-435d-b78d-fc3afc3a66cd,"Playa Levittown (Toa Baja)","Toa Baja",18.4527,-66.1757,18.4527234,-66.1757225,4,OK,"Playa de Levittown",establishment|natural_feature,Y,N,N,ChIJDUuAx4hrA4wRMH1-wTQ1OLw,KEEP_CURRENT,
14e74936-3714-4169-9852-48c7587d844e,"Playa Los Corchos (sector)",Manati,18.4687,-66.5103,18.4727098,-66.485429,2661,CRITICAL,"Mar Chiquita Beach",establishment|natural_feature,Y,N,Y,ChIJvTQQmQ0ZA4wRXB-3UG-lDac,REVIEW_DUPLICATE,"Shared place_id with 5 other beach(es)"
33192fbe-bec5-4e1b-8e8e-291246120d98,"Playa Los Machos",Ceiba,18.2651619,-65.6311517,18.2651619,-65.6311517,0,OK,"Playa Los Machos",establishment|natural_feature,Y,N,N,ChIJNSHIlBG9BIwRQ7T6YGC5Kyw,KEEP_CURRENT,
390fbbf7-cc7f-4333-b392-a06c10f8e7b5,"Playa Los Pinos (Maunabo)",Maunabo,18.002,-65.8992,17.9913823,-65.8938238,1310,HIGH,"Playa Los Bohios",establishment|point_of_interest|tourist_attraction,Y,N,Y,ChIJdy86JUNVA4wR2Cg9WpGyiF0,REVIEW_DUPLICATE,"Shared place_id with 1 other beach(es)"
99e5bf97-c1c5-4fdf-ba4b-82064f3f8254,"Playa Lucía",Yabucoa,18.0592,-65.802,18.0618737,-65.8207119,2000,CRITICAL,"Guayanés Beach",establishment|natural_feature,Y,N,Y,ChIJubCRWY-pBIwRKB63TGnt4EE,REVIEW_DUPLICATE,"Shared place_id with 2 other beach(es)"
76cf2232-671f-4e46-94ca-7e4e706f42f9,"Playa Mameyal (Vega Alta)","Vega Alta",18.4981,-66.3649,18.4913402,-66.3987366,3646,CRITICAL,"Playa Puerto Nuevo",establishment|point_of_interest|tourist_attraction,Y,N,Y,ChIJ7-YJVckQA4wR9wHDo-OqOgk,REVIEW_DUPLICATE,"Shared place_id with 8 other beach(es)"
b65781a3-1fbc-4dc2-aa7f-e5641c4852be,"Playa Manglillo (Guánica)",Guanica,17.9683,-66.8435,17.9532179,-66.879647,4175,CRITICAL,"Copamarina Beach Resort & Spa",bar|cafe|establishment|food|lodging|point_of_interest|restaurant|spa|store,Y,Y,Y,ChIJjZ-uUtpOA4wRC3eAHm0miT4,REVIEW_DUPLICATE,"Shared place_id with 2 other beach(es)"
4c4f75e7-10c4-4112-b4f2-adad7e63eac8,"Playa Maunabo",Maunabo,17.989412,-65.886551,17.9894117,-65.8865509,0,OK,"Playa Maunabo",establishment|natural_feature,Y,N,N,ChIJSbuhMjpVA4wR1LGda0z5JpI,KEEP_CURRENT,
298558ca-6bae-4e72-88cf-8a3b1611020a,"Playa Medio Mundo",Ceiba,18.2603367,-65.6282372,18.260868,-65.6286881,76,OK,"Medio Mundo Beach",establishment|point_of_interest|tourist_attraction,Y,N,N,ChIJmcdbFQW9BIwRFJyW75wJhWA,KEEP_CURRENT,
ad756f69-82b6-474f-8e09-43dbe0699faa,"Playa Mosquito",Culebra,18.296368,-65.26391,18.2963676,-65.2639099,0,OK,"Playa Mosquito",establishment|point_of_interest|tourist_attraction,Y,N,N,ChIJ91cF_xrnBIwRIRB2EDPl58k,KEEP_CURRENT,
d47c7b6c-02c8-428e-82b4-8f6a72b08594,"Playa Música",Rincon,18.299235,-67.233713,18.2992353,-67.2337126,0,OK,"Playa Música",establishment|point_of_interest|tourist_attraction,Y,N,N,ChIJf9Ech0SvAowREwLKKAuq6w0,KEEP_CURRENT,
e2500dce-317d-4a7e-a709-8ee78a99e4f4,"Playa Negra (Black Sand Beach)",Vieques,18.09,-65.47,18.0957199,-65.492351,2447,CRITICAL,"Black Sand Beach",establishment|natural_feature,Y,N,Y,ChIJOzwCsPa3BIwRY37gWsCq6X0,REVIEW_DUPLICATE,"Shared place_id with 4 other beach(es)"
c32d2679-bcb5-4da7-bbb5-102e035c9816,"Playa Oeste",Mayaguez,18.2018,-67.1578,18.1699559,-67.1787912,4178,CRITICAL,"Playa Bramadero",establishment|natural_feature,Y,N,Y,ChIJgaIoFJqyAowRzu1IXyOVyUE,REVIEW_DUPLICATE,"Shared place_id with 3 other beach(es)"
c3fb80be-9677-40de-b275-08d92e15d13e,"Playa Palmas del Mar – Candelero",Humacao,18.1672,-65.7432,18.0618737,-65.8207119,14292,CRITICAL,"Guayanés Beach",establishment|natural_feature,Y,N,Y,ChIJubCRWY-pBIwRKB63TGnt4EE,REVIEW_DUPLICATE,"Shared place_id with 2 other beach(es)"
bb922e92-8cfa-40d3-9db5-2ce733dfcf7e,"Playa Parchola (sector)",Manati,18.4621,-66.5031,18.4727098,-66.485429,2206,CRITICAL,"Mar Chiquita Beach",establishment|natural_feature,Y,N,Y,ChIJvTQQmQ0ZA4wRXB-3UG-lDac,REVIEW_DUPLICATE,"Shared place_id with 5 other beach(es)"
a3b16bdd-af2d-4840-9fd4-d3ec20331a81,"Playa Pata Prieta",Vieques,18.110954,-65.400202,18.1109539,-65.4002015,0,OK,"Playa Pata Prieta",establishment|point_of_interest|tourist_attraction,Y,N,N,ChIJxcyroNnFBIwREZMC9-5wrK0,KEEP_CURRENT,
7ae17aac-8906-46a8-af20-5edc9b715b73,"Playa Pelícano (Caja de Muertos)",Ponce,18.095,-65.448,17.8886488,-66.5267888,116374,CRITICAL,"Caja de Muertos Beach",establishment|point_of_interest,Y,N,Y,ChIJ6RWSUpPQHIwRqs8PY0UkzBM,REVIEW_DUPLICATE,"Shared place_id with 1 other beach(es)"
fbb23f60-003a-46d0-ab92-06eb089d0bd9,"Playa Peña (Old San Juan)","San Juan",18.468,-66.1227,18.4669267,-66.0899411,3457,CRITICAL,"Balneario del Escambrón",establishment|natural_feature,Y,N,N,ChIJi5HmxiFvA4wRmJcpDYDbR4g,REVIEW_DISTANCE,"3457m off - may be wrong place"
5a503f00-dfa5-404f-8345-1b5d5754b1cb,"Playa Pozuelo (Guayama)",Guayama,17.936275,-66.195954,17.9362754,-66.1959539,0,OK,"Pozuelo Exclusive Beach",establishment|natural_feature,Y,N,N,ChIJOfyNmtG1HIwRAzPMu_VHLmA,KEEP_CURRENT,
37906172-f785-4263-a6bf-1ebc4ac8d8dc,"Playa Puerta De Tierra","San Juan",18.466145,-66.095908,18.4661446,-66.0959078,0,OK,"Playa Puerta De Tierra",establishment|natural_feature,Y,N,N,ChIJDVRSyCFvA4wReY2bbpkZiKo,KEEP_CURRENT,
5acd05cd-e078-4519-a158-694edc27e04e,"Playa Puerto Nuevo (south lagoon edge)","Vega Baja",18.4948,-66.3815,18.4913402,-66.3987366,1858,HIGH,"Playa Puerto Nuevo",establishment|point_of_interest|tourist_attraction,Y,N,Y,ChIJ7-YJVckQA4wR9wHDo-OqOgk,REVIEW_DUPLICATE,"Shared place_id with 8 other beach(es)"
c9691594-58bb-4438-9103-6c9aacd58e8d,"Playa Puerto Real",Fajardo,18.332731,-65.628217,18.332731,-65.628217,0,OK,"Playa Puerto Real",establishment|natural_feature,Y,N,N,ChIJM5w5Fq-XBIwRajc8UjTEiFs,KEEP_CURRENT,
6cbd54b0-39a4-4ef4-99fc-01e05f5da8f6,"Playa Punta Boca","Cabo Rojo",18.055251,-67.201119,18.0552511,-67.2011194,0,OK,"Playa Punta Boca",establishment|point_of_interest|tourist_attraction,Y,N,N,ChIJQXu9rC5THYwRosS3_ETNme4,KEEP_CURRENT,
254d7b57-8b0f-4b5d-a55d-431c37349835,"Playa Punta Borinquen",Aguadilla,18.508275,-67.137403,18.5082748,-67.137403,0,OK,"Playa Punta Borinquen",establishment|natural_feature,Y,N,N,ChIJiR6YvzOWAowR7PgmeXDFtnY,KEEP_CURRENT,
88645957-f391-4ee2-9376-027100ece5a7,"Playa Punta Caracoles",Arecibo,18.487656,-66.667924,18.4876562,-66.6679238,0,OK,"Playa Punta Caracoles",establishment|point_of_interest|tourist_attraction,Y,N,N,ChIJ64gxDpPhAowRyYp3ggybTwI,KEEP_CURRENT,
7a406681-72f3-4482-b3ce-224464b79d98,"Playa Punta Santiago Punta",Humacao,18.153722,-65.76316,18.1537223,-65.7631597,0,OK,"Playa Punta Santiago Punta",establishment|natural_feature,Y,N,N,ChIJVRxUJQqmBIwRuHKpspag9iU,KEEP_CURRENT,
e76c7d01-07f9-4a0d-8911-6c5f4ba9f782,"Playa Punta Tuna (Lighthouse)",Maunabo,18.0039,-65.8855,18.0132612,-65.8477041,4130,CRITICAL,"El Cocal Beach",establishment|natural_feature,Y,N,Y,ChIJi9EpB4eqBIwRYn8weC-M-J0,REVIEW_DUPLICATE,"Shared place_id with 1 other beach(es)"
a8d8e1ca-0be1-4863-b7a1-7c098343a871,"Playa Resaca",Culebra,18.3324,-65.3044,18.3323917,-65.3044468,5,OK,"Playa Resaca",establishment|natural_feature,Y,N,N,ChIJPS6ss7HoBIwRzcD-YJJ1yVo,KEEP_CURRENT,
ecd4ff52-be5b-43df-af8f-c196ce78f4fa,"Playa Río Mar","Rio Grande",18.3885,-65.7558,18.389079,-65.756678,113,MEDIUM,"Wyndham Grand Rio Mar Rainforest Beach and Golf Resort",establishment|lodging|point_of_interest,Y,Y,Y,ChIJT4XxK0yZBIwRRfl1CbK81pY,REVIEW_DUPLICATE,"Shared place_id with 3 other beach(es)"
6a765d06-d508-4747-bd67-a49b13dc080a,"Playa Salinas – Campamento sector",Salinas,17.9389,-66.2886,17.9623872,-66.301009,2923,CRITICAL,"Puerta al Sol & Beach Club",establishment|food|point_of_interest|restaurant,Y,Y,N,ChIJo6iDXMfLHIwRAImG0Ol1fP4,REVIEW_TYPE,"Suspect type: establishment,food,point_of_interest,restaurant"
7c7edff0-97ed-47e7-bb1f-f48bcc962f18,"Playa San Miguel (Nature Reserve edge)",Luquillo,18.3661875,-65.6892656,18.3661875,-65.6892656,0,OK,"Playa San Miguel",establishment|point_of_interest|tourist_attraction,Y,N,N,ChIJzy8176-ZBIwRGJcNZ6eXhkw,KEEP_CURRENT,
ea3f39bd-6ac6-4996-b273-a1e750fddf47,"Playa Santa",Guanica,17.9398,-66.9566,17.939757,-66.9566372,6,OK,"Santa Beach",establishment|natural_feature,Y,N,Y,ChIJg4BoP4E3HYwRHIv9tcRILlU,REVIEW_DUPLICATE,"Shared place_id with 1 other beach(es)"
36d46978-6ed2-4552-a84b-c863f2fea690,"Playa Santa (Guánica)",Guanica,17.939757,-66.956637,17.939757,-66.9566372,0,OK,"Santa Beach",establishment|natural_feature,Y,N,Y,ChIJg4BoP4E3HYwRHIv9tcRILlU,REVIEW_DUPLICATE,"Shared place_id with 1 other beach(es)"
b69dc8b9-769d-48d7-bb96-910902f1485a,"Playa Sardinera (Fajardo)",Fajardo,18.3659,-65.6526,18.3696247,-65.6346872,1935,HIGH,"Parque Nacional Balneario Seven Seas",establishment|natural_feature,Y,N,N,ChIJzfKrcjyXBIwRxwf4uLIz3J4,ACCEPT,"1935m off - likely correct place, imprecise pin"
0a0507a5-f8cb-42e0-b865-062e847858aa,"Playa Soldado Overlook (reef flats)",Culebra,18.2898,-65.277,18.319692,-65.2551024,4049,CRITICAL,"Zoni Beach",establishment|natural_feature,Y,N,Y,ChIJJcb3ZG7mBIwR_WtgCjxXGeQ,REVIEW_DUPLICATE,"Shared place_id with 2 other beach(es)"
ceeb0e12-3c96-4ae7-8d55-462393c58770,"Playa Tamarindo (Guayanilla)",Guayanilla,17.9749,-66.7815,18.0065735,-66.7677328,3811,CRITICAL,"Rampa Guayanilla",establishment|natural_feature,Y,N,Y,ChIJf9OeSNEtHYwRjAZToFhWt4I,REVIEW_DUPLICATE,"Shared place_id with 1 other beach(es)"
eee5f783-09ae-4f3f-868e-a44bc5b49649,"Playa Teresa",Yabucoa,18.015749,-65.834804,18.0157485,-65.834804,0,OK,"Playa Teresa",establishment|point_of_interest|tourist_attraction,Y,N,N,ChIJZUtM3ParBIwRoRyunJNxY4M,KEEP_CURRENT,
b2b057c0-3534-4cb7-be51-2d9f95ab98af,"Playa Tombolo y and Playa Esperanza",Manati,18.480711,-66.520097,18.4807106,-66.5200968,0,OK,"Playa Tombolo y and Playa Esperanza",establishment|point_of_interest|tourist_attraction,Y,N,N,ChIJu7BsqOIZA4wR-R6QuUU4w6c,KEEP_CURRENT,
376a3ac5-3383-468e-a2e7-28b4f230ceec,"Playa Tortuguero",Manati,18.469112,-66.458782,18.469112,-66.458782,0,OK,"Playa Tortuguero",establishment|natural_feature,Y,N,N,ChIJN3gzT7wZA4wRIdcy6GJBwdE,KEEP_CURRENT,
3e284416-2ecd-414b-84ed-9987798d1f40,"Playa Tómbolo",Manati,18.481786,-66.518499,18.4817857,-66.5184986,0,OK,"Playa Tómbolo",establishment|point_of_interest|tourist_attraction,Y,N,N,ChIJ2yX0QkoZA4wRFo5glQWc4g0,KEEP_CURRENT,
d14ea6ba-8510-4355-9da0-caaa78065e6a,"Playa Vacía",Loiza,18.450793,-65.904719,18.4507933,-65.9047193,0,OK,"Playa Vacía Talega",establishment|point_of_interest|tourist_attraction,Y,N,N,ChIJM_SEMU1iA4wRReSHnDo9akg,KEEP_CURRENT,
2a24efae-eadc-4b32-a092-d527d8324345,"Playa Vieja (Vieques)",Vieques,18.1042,-65.4684,18.0957199,-65.492351,2701,CRITICAL,"Black Sand Beach",establishment|natural_feature,Y,N,Y,ChIJOzwCsPa3BIwRY37gWsCq6X0,REVIEW_DUPLICATE,"Shared place_id with 4 other beach(es)"
7f9318b9-81f6-4e14-97f7-20a41746f86d,"Playa Yabucoa",Yabucoa,18.050062,-65.831917,18.0500615,-65.8319168,0,OK,"Yabucoa Harbor Boulevard",establishment|point_of_interest,Y,N,N,ChIJpcypdCKqBIwR7MB0uMCTc0E,KEEP_CURRENT,
ca086803-cd1b-446f-a969-7ac45b2f32d2,"Playa del Capitolio","San Juan",18.467698,-66.105364,18.467698,-66.1053642,0,OK,"Playa del Capitolio",establishment|point_of_interest|tourist_attraction,Y,N,N,ChIJf5N1VBRvA4wRvb5P1su73kw,KEEP_CURRENT,
e9b3d681-9e66-4e7c-acc6-6e1847b8faaa,"Playa del Pueblo","San Juan",18.454414,-66.056895,18.4544136,-66.0568951,0,OK,"Playa del Pueblo",establishment|point_of_interest|tourist_attraction,Y,N,N,ChIJa98f1spvA4wRT0_2My2YCT4,KEEP_CURRENT,
03fed9f3-9cc1-4536-9625-adf6def83201,"Playa del Sec / Balneario (north sector)",Mayaguez,18.2208,-67.1609,18.2346754,-67.1735134,2038,CRITICAL,"Playa Sabaneta",establishment|natural_feature,Y,N,Y,ChIJu2PfzvaxAowRPMH_-6R_Rjc,REVIEW_DUPLICATE,"Shared place_id with 3 other beach(es)"
bf8ef648-578b-4673-b729-0921abfdd653,"Playa del Tamarindo",Aguadilla,18.436596,-67.156531,18.4365958,-67.1565314,0,OK,"Playa del Tamarindo",establishment|point_of_interest|tourist_attraction,Y,N,N,ChIJpyEr9f69AowRPI9-7KRnmaE,KEEP_CURRENT,
570c7396-6703-4f85-9954-28ab3e6f3f23,"Playa loiza",Loiza,18.445059,-65.923807,18.4450593,-65.9238069,0,OK,"Playa loiza",establishment|point_of_interest|tourist_attraction,Y,N,N,ChIJ4U6oseFjA4wRGVp5avLAAKo,KEEP_CURRENT,
d149b618-1874-45c7-942b-52ce5f71ae81,"Playa perdida",Ponce,17.973564,-66.678387,17.9736513,-66.6783911,10,OK,"Playa perdida",establishment|point_of_interest|tourist_attraction,Y,N,N,ChIJCTbjXIApHYwRztOlb7PWLiQ,KEEP_CURRENT,
a00e6744-4f91-46e5-a44a-68e305eca261,"Playita Puerta de San Juan","San Juan",18.465141,-66.119626,18.4651413,-66.1196259,0,OK,"Playita Puerta de San Juan",establishment|point_of_interest|tourist_attraction,Y,N,N,ChIJhwCN6bhuA4wRSxSuKL02Fes,KEEP_CURRENT,
c9451dda-2eeb-4712-b475-9356100e6bf8,"Playita Rosada",Lajas,17.9722,-67.0321,17.9722279,-67.0321097,3,OK,"Playita Rosada",establishment|natural_feature,Y,N,N,ChIJNV6dgkRIHYwRSgMxlPtowGM,KEEP_CURRENT,
03099de0-7b41-4d80-b5db-9b71f83e9441,"Playita de la Laguna del Condado","San Juan",18.458276,-66.085665,18.4582764,-66.0856652,0,OK,"Playita de la Laguna del Condado",establishment|point_of_interest|tourist_attraction,Y,N,N,ChIJDYbz53lvA4wRdJRFQSf0qcg,KEEP_CURRENT,
f48818fe-0b6f-484e-9f7a-96a58d056f47,"Playita del Condado","San Juan",18.4611,-66.0823,18.4610538,-66.0823199,6,OK,"Playita del Condado",establishment|natural_feature,Y,N,Y,ChIJty0rrCRvA4wRk3QZHtbR6iA,REVIEW_DUPLICATE,"Shared place_id with 1 other beach(es)"
77299ff4-db28-45b2-b01d-22ea66958593,"Playuela Beach","Cabo Rojo",17.932744,-67.187679,17.9360306,-67.1890376,393,MEDIUM,"Playa Sucia",establishment|natural_feature,Y,N,Y,ChIJkapFqjRFHYwRPJyhEcRov78,REVIEW_DUPLICATE,"Shared place_id with 2 other beach(es)"
cc56dcc5-ea76-48cb-ab96-addde7f22351,"Plaza Luis Muñoz Rivera",Ponce,18.012198,-66.614048,18.012198,-66.6140476,0,OK,"Plaza Luis Muñoz Rivera",establishment|food|point_of_interest|store|tourist_attraction,Y,Y,N,ChIJkaJ78IjVHIwR31ytnG0EQRI,REVIEW_TYPE,"Suspect type: establishment,food,point_of_interest,store,tourist_attraction"
e83d9915-f111-4fad-a12b-5384f48bc571,"Pocita De Teodoro",Isabela,18.512676,-67.036552,18.5126763,-67.0365515,0,OK,"Pocita De Teodoro",establishment|point_of_interest,Y,N,N,ChIJQyfAng-VAowRGEqga8nBYUo,KEEP_CURRENT,
138c1459-ea7b-4451-bcff-945f179e12be,"Pocita de la Princes Beach",Isabela,18.509205,-67.014771,18.5092048,-67.0147713,0,OK,"Pocita de la Princes Beach",establishment|point_of_interest|tourist_attraction,Y,N,N,ChIJRfoKeRyVAowRmBu9LevKxMQ,KEEP_CURRENT,
f58b95d5-1514-44bb-873a-4146c58043d0,"Pools Beach",Rincon,18.3697,-67.261,18.3593385,-67.2671826,1324,HIGH,"The Beach House Rincón",bar|establishment|food|point_of_interest|restaurant,Y,Y,Y,ChIJNe6mBMSlAowRBBuBdKH2jQM,REVIEW_DUPLICATE,"Shared place_id with 5 other beach(es)"
7fe75d1d-352d-4776-808f-eb9d09f703b0,"Poza El Pastillo (inner pool)",Isabela,18.4918382,-66.9794683,18.4889958,-66.959382,2142,CRITICAL,"Playa Guajataca",establishment|natural_feature,Y,N,Y,ChIJJWxjT4zqAowRn8yM0AY-tBY,REVIEW_DUPLICATE,"Shared place_id with 2 other beach(es)"
eef42d80-ba16-4300-9ccc-caad8009b84c,"Poza de las Mujeres (Manatí)",Manati,18.477,-66.5067,18.4769675,-66.5067307,5,OK,"La Poza de las Mujeres",establishment|natural_feature,Y,N,Y,ChIJ93gt_DgZA4wRrln5-PhrRVc,REVIEW_DUPLICATE,"Shared place_id with 3 other beach(es)"
9b8b1c11-f8a5-42aa-acf2-9e120740ceb2,"Poza de los Pájaros",Arecibo,18.4946,-66.7092,18.4817143,-66.6967257,1945,HIGH,"La Poza del Obispo",establishment|point_of_interest|tourist_attraction,Y,N,Y,ChIJqxFBYSfhAowRIxHRTrrv2A0,REVIEW_DUPLICATE,"Shared place_id with 9 other beach(es)"
ce6367c6-253f-4178-a4d0-93107452586f,"Poza del Obispo",Arecibo,18.481714,-66.696726,18.4817143,-66.6967257,0,OK,"La Poza del Obispo",establishment|point_of_interest|tourist_attraction,Y,N,Y,ChIJqxFBYSfhAowRIxHRTrrv2A0,REVIEW_DUPLICATE,"Shared place_id with 9 other beach(es)"
b66f4b23-4cca-48c0-9203-2cfef250b4d4,"Poza del Obispopeque (Mayagüez pocket)",Mayaguez,18.2115,-67.1489,18.2346754,-67.1735134,3660,CRITICAL,"Playa Sabaneta",establishment|natural_feature,Y,N,Y,ChIJu2PfzvaxAowRPMH_-6R_Rjc,REVIEW_DUPLICATE,"Shared place_id with 3 other beach(es)"
0162131b-7833-4bcb-9322-642d17d57a03,"Pozita de Medianía Alta",Loiza,18.4769,-65.9282,18.4544601,-65.9686675,4944,CRITICAL,"Terraplen La Posita de Piñones",establishment|natural_feature,Y,N,Y,ChIJVzIvfmtkA4wRp49SlZhoI-0,REVIEW_DUPLICATE,"Shared place_id with 4 other beach(es)"
91d54f76-3bf7-4fea-8dab-10a069192f96,"Pozita de los Tubos",Manati,18.4498,-66.483,18.4727098,-66.485429,2560,CRITICAL,"Mar Chiquita Beach",establishment|natural_feature,Y,N,Y,ChIJvTQQmQ0ZA4wRXB-3UG-lDac,REVIEW_DUPLICATE,"Shared place_id with 5 other beach(es)"
39c72622-b03d-4af7-bf17-f13cea1e277e,"Pozo Teodoro",Isabela,18.512685,-67.036548,18.5126852,-67.0365478,0,OK,"Pozo Teodoro",establishment|natural_feature,Y,N,N,ChIJiYQtkQ-VAowRVsNM8L88QK4,KEEP_CURRENT,
3643d3b0-1ffd-4ec6-bbfc-427c0441c2bf,"Puerto Hermina",Quebradillas,18.4835,-66.902,18.483525,-66.9020598,7,OK,"Puerto Hermina Beach",establishment|point_of_interest|tourist_attraction,Y,N,Y,ChIJBYbHbPXpAowRzTtNN1-398I,REVIEW_DUPLICATE,"Shared place_id with 4 other beach(es)"
51ff41d6-603c-4f82-a706-eafade9382ae,"Puerto Nuevo Beach","Vega Baja",18.4826,-66.4043,18.4913402,-66.3987366,1135,HIGH,"Playa Puerto Nuevo",establishment|point_of_interest|tourist_attraction,Y,N,Y,ChIJ7-YJVckQA4wR9wHDo-OqOgk,REVIEW_DUPLICATE,"Shared place_id with 8 other beach(es)"
b543cf66-68f6-4605-9b45-a3471645e4f9,"Puerto Nuevo East Pocket","Vega Baja",18.4829,-66.4002,18.4913402,-66.3987366,951,HIGH,"Playa Puerto Nuevo",establishment|point_of_interest|tourist_attraction,Y,N,Y,ChIJ7-YJVckQA4wR9wHDo-OqOgk,REVIEW_DUPLICATE,"Shared place_id with 8 other beach(es)"
a35ec344-7947-47e2-9b10-96b45d64ce28,"Puerto Nuevo Natural Bridge View","Vega Baja",18.4849,-66.4021,18.4913402,-66.3987366,799,HIGH,"Playa Puerto Nuevo",establishment|point_of_interest|tourist_attraction,Y,N,Y,ChIJ7-YJVckQA4wR9wHDo-OqOgk,REVIEW_DUPLICATE,"Shared place_id with 8 other beach(es)"
0a4c1dc6-cfc6-4819-b6d9-ed68adf70745,"Puerto Nuevo Playa de Vega Baja Beach","Vega Baja",18.492287,-66.397288,18.4922868,-66.3972875,0,OK,"Puerto Nuevo Playa de Vega Baja Beach",establishment|natural_feature,Y,N,N,ChIJX_MQ9ssQA4wRx0NiQ2i2ED8,KEEP_CURRENT,
8c8d843b-091e-47c0-afba-7f0d814a105d,"Puerto Nuevo West Pocket","Vega Baja",18.4826784,-66.4092941,18.4826784,-66.4092941,0,OK,"Puerto Nuevo",administrative_area_level_2|political,N,N,N,ChIJsRAOosYQA4wRyezTjDOM7Uk,KEEP_CURRENT,
eb2250fb-e35a-4a1f-a418-3a3462c7bbed,"Puerto de las Vacas Shore",Barceloneta,18.465,-66.5638,18.4552849,-66.5416071,2578,CRITICAL,"Paseo de las Alas",establishment|point_of_interest|tourist_attraction,Y,N,N,ChIJ_7I-lHQfA4wRm1V9Yd4T3gI,REVIEW_DISTANCE,"2578m off - may be wrong place"
e7e66c37-694b-4664-91aa-99c6609a118c,"Punta Arenas (Green Beach)",Vieques,18.1545,-65.5099,18.141831,-65.4755142,3897,CRITICAL,"El Gallito ( Gringo Beach )",establishment|natural_feature,Y,N,Y,ChIJCfQkAYDHBIwRbBYWkxUCt84,REVIEW_DUPLICATE,"Shared place_id with 1 other beach(es)"
1b58cafe-8b64-4ea1-b256-3e23182ae962,"Punta Arenas (Puerto Real side)","Cabo Rojo",18.0875,-67.1545,18.0948285,-67.1949286,4350,CRITICAL,"Playa Ostiones",establishment|point_of_interest|tourist_attraction,Y,N,N,ChIJvVd1T_VTHYwRAmEsi5E1ZIM,REVIEW_DISTANCE,"4350m off - may be wrong place"
150eece0-9076-4be8-8bfa-53d1050211bc,"Punta Bandera Luquillo PR",Luquillo,18.388273,-65.721197,18.3882726,-65.7211965,0,OK,"Punta Bandera Luquillo PR",establishment|natural_feature,Y,N,N,ChIJA0tVS3qZBIwRUZhB6hnHuv0,KEEP_CURRENT,
f3f07e39-3964-4cfc-8b78-e59593fe5264,"Punta Borinquen Beach",Aguadilla,18.490644,-67.155795,18.4906436,-67.1557946,0,OK,"Punta Borinquen Beach",establishment|natural_feature,Y,N,Y,ChIJYf6xb2O9AowRzvXD85ZKzVg,REVIEW_DUPLICATE,"Shared place_id with 1 other beach(es)"
dc41fc93-472e-4d04-bf0c-46293ab30b02,"Punta Brea Shorebreak",Guanica,17.928981,-66.922686,17.928981,-66.922686,0,OK,"Punta Brea Shorebreak",establishment|point_of_interest|tourist_attraction,Y,N,N,ChIJX9IgFpo5HYwRZg24Y1Ynhpk,KEEP_CURRENT,
732d715e-66ba-43a6-86c5-e764115859dc,"Punta Cerro Gordo (Overlook)","Vega Alta",18.4879,-66.3492,18.4815248,-66.3397361,1224,HIGH,"Balneario Cerro Gordo",establishment|natural_feature,Y,N,Y,ChIJrfpH5VIRA4wRqbAwaewkgoY,REVIEW_DUPLICATE,"Shared place_id with 1 other beach(es)"
2c71e1a7-31cd-46d0-8453-32d7c9e045ff,"Punta Cibuco Beach","Vega Baja",18.489189,-66.378152,18.4891888,-66.378152,0,OK,"Punta Cibuco Beach",establishment|natural_feature,Y,N,N,ChIJdX_1GCoRA4wRW-tN-mE-LRg,KEEP_CURRENT,
4894d73a-34ff-425a-8ef1-b9bba84ab695,"Punta Del Viento Patillas",Patillas,17.980889,-65.989853,17.9808889,-65.9898533,0,OK,"Punta Del Viento Patillas",establishment|natural_feature,Y,N,N,ChIJq6qqqtGsHIwRvqG_Te3zbbk,KEEP_CURRENT,
3e28808f-6efb-4bb9-8710-f79041c3486e,"Punta Galíndez (townfront)",Vieques,18.149253,-65.444298,18.1492531,-65.4442983,0,OK,"Playa de Muertos Beach",establishment|point_of_interest|tourist_attraction,Y,N,N,ChIJbdw10JbHBIwR3udE_Im52iA,KEEP_CURRENT,
2d658393-d540-4d4b-8edd-537dac790bbf,"Punta Jagüey (north Combate)","Cabo Rojo",17.9808,-67.1776,17.9766404,-67.2127867,3750,CRITICAL,"Playa El Combate Beach",establishment|natural_feature,Y,N,Y,ChIJk65gwGxQHYwRf999ZKFJtb4,REVIEW_DUPLICATE,"Shared place_id with 4 other beach(es)"
0af971f4-21b3-4148-b859-54f7a0192909,"Punta Jorobado Beach",Guanica,17.931428,-66.956453,17.931428,-66.956453,0,OK,"Punta Jorobado Beach",establishment|point_of_interest|tourist_attraction,Y,N,N,ChIJuQWY2is4HYwRFLkKFgPnpHo,KEEP_CURRENT,
5550b704-e27c-442e-972a-545989785faf,"Punta Las Cucharas",Ponce,17.968864,-66.663143,17.9688637,-66.6631427,0,OK,"Punta Las Cucharas",establishment|point_of_interest|tourist_attraction,Y,N,N,ChIJk-wfQ54pHYwRQDeL5Mg6SYM,KEEP_CURRENT,
c8a07445-43b7-4751-8608-42b17191cd4c,"Punta Las Marías","San Juan",18.3697,-67.2687,18.4579743,-66.0749621,126323,CRITICAL,"Ventana al Mar",establishment|park|point_of_interest|tourist_attraction,Y,N,Y,ChIJZQSYdDlvA4wR_EvjZNy2gy4,REVIEW_DUPLICATE,"Shared place_id with 4 other beach(es)"
e54c40db-d5fd-48e4-aded-68b1b10376e9,"Punta Lima Beach",Naguabo,18.186167,-65.694125,18.1861674,-65.694125,0,OK,"Punta Lima Beach",establishment|point_of_interest|tourist_attraction,Y,N,N,ChIJzZihcQClBIwRkORrU4qs9KU,KEEP_CURRENT,
1e29d70b-6acf-472d-9a0e-17e7e15207d6,"Punta Puerto Nuevo","Vega Baja",18.4869,-66.3992,18.4913402,-66.3987366,496,MEDIUM,"Playa Puerto Nuevo",establishment|point_of_interest|tourist_attraction,Y,N,Y,ChIJ7-YJVckQA4wR9wHDo-OqOgk,REVIEW_DUPLICATE,"Shared place_id with 8 other beach(es)"
01bff253-171b-4b55-b3a9-f44edb94642c,"Punta Santiago Beach",Humacao,18.157216,-65.75744,18.1572159,-65.7574399,0,OK,"Punta Santiago Beach",establishment|point_of_interest|tourist_attraction,Y,N,N,ChIJwSUCDAClBIwR4QiQZUC8Xuk,KEEP_CURRENT,
22eb04c2-773e-41d0-8929-11ebd4e324cb,"Punta Soldado",Culebra,18.2812,-65.2865,18.319692,-65.2551024,5414,CRITICAL,"Zoni Beach",establishment|natural_feature,Y,N,Y,ChIJJcb3ZG7mBIwR_WtgCjxXGeQ,REVIEW_DUPLICATE,"Shared place_id with 2 other beach(es)"
21ff759a-bbef-4589-9596-1687a6293fec,"Punta Tuna Beach",Maunabo,17.990305,-65.88398,17.9903051,-65.8839798,0,OK,"Punta Tuna Beach",establishment|natural_feature,Y,N,N,ChIJicwkFDlVA4wRI8uGwJVKM18,KEEP_CURRENT,
03cb7914-09ad-411c-8169-97826269450f,"Punta del Obispo Beach",Lajas,17.953487,-66.980848,17.953487,-66.980848,0,OK,"Punta del Obispo Beach",establishment|point_of_interest|tourist_attraction,Y,N,N,ChIJhao1Huw3HYwRF2cOINl4afs,KEEP_CURRENT,
05b1e048-051c-4864-b4cc-cb340dc90bab,"Reserva Humacao Beach",Humacao,18.146287,-65.767809,18.1462866,-65.7678091,0,OK,"Reserva Humacao Beach",establishment|point_of_interest|tourist_attraction,Y,N,N,ChIJo5ukfMSnBIwRnj0DuOrE91c,KEEP_CURRENT,
50870cf1-5e5b-4643-817a-d6e734e641f2,"Reserva Natural Bosque Pterocarpus",Naguabo,18.179846,-65.735411,18.1798458,-65.7354109,0,OK,"Bosque de Pterocarpus de Humacao",establishment|park|point_of_interest,Y,N,N,ChIJQ9ZpX0qkBIwR-nYMIeIEF9Y,KEEP_CURRENT,
91ee0a18-eaae-4e92-8606-55af4721006d,"Reserva Natural de Culebra / Culebra Natural Reserve",Culebra,18.336483,-65.331316,18.3364831,-65.3313157,0,OK,"Reserva Natural de Culebra / Culebra Natural Reserve",establishment|park|point_of_interest,Y,N,N,ChIJpYOLD9boBIwR2sQArdJPax8,KEEP_CURRENT,
c84c47d9-7076-49cf-867c-0de8f482bbec,"Rincón Border Pocket (Naguabo? no--Barrero north end)",Rincon,18.3388,-67.2439,18.3593385,-67.2671826,3355,CRITICAL,"The Beach House Rincón",bar|establishment|food|point_of_interest|restaurant,Y,Y,Y,ChIJNe6mBMSlAowRBBuBdKH2jQM,REVIEW_DUPLICATE,"Shared place_id with 5 other beach(es)"
0ed4e276-be44-45c8-9726-eb43d861f513,"Rompeolas / Muelle Viejo",Aguadilla,18.426947,-67.155571,18.4269466,-67.1555709,0,OK,"Bridges Surf Beach",establishment|point_of_interest|tourist_attraction,Y,N,N,ChIJnxSN7ZK8AowRtzjlaoRpdts,KEEP_CURRENT,
b9fbf912-cfb4-4359-aed6-a48d7ff3f04f,"Rompeolas Beach",Aguadilla,18.433181,-67.15553,18.433181,-67.1555299,0,OK,"Rompeolas Beach",establishment|point_of_interest|tourist_attraction,Y,N,N,ChIJzy01thu9AowRDWyCfkjp_lQ,KEEP_CURRENT,
52bc0c5b-8093-4236-86c4-791b5e72f21c,"Río Guajataca Mouth (east spit)",Quebradillas,18.4708,-66.9505,18.4889958,-66.959382,2230,CRITICAL,"Playa Guajataca",establishment|natural_feature,Y,N,Y,ChIJJWxjT4zqAowRn8yM0AY-tBY,REVIEW_DUPLICATE,"Shared place_id with 2 other beach(es)"
1efad281-5772-49ab-8465-766cad8cd9ee,"Sandy Beach",Rincon,18.3706613,-67.2577597,18.3704625,-67.2586568,97,OK,"SANDY BEACH",establishment|point_of_interest|tourist_attraction,Y,N,N,ChIJ0Tz8jr-lAowRgZ9APhqrWbY,KEEP_CURRENT,
e158174a-82dc-4125-b46f-8dbebef26b13,"Sandy Beach East",Rincon,18.3725,-67.254,18.3708602,-67.2568626,353,MEDIUM,"Sandy Beach East",establishment|point_of_interest|tourist_attraction,Y,N,N,ChIJnWaaerOlAowRLupRqApiRDE,ACCEPT,"353m refinement"
a1a6a23d-f426-46eb-8c8b-247e862a03bf,"Sardinas II (town beach)",Culebra,18.3002,-65.2979,18.3287973,-65.3172491,3779,CRITICAL,"Playa Flamenco Beach",establishment|natural_feature,Y,N,Y,ChIJKRcnrcXoBIwRFLJNVzuOzkA,REVIEW_DUPLICATE,"Shared place_id with 3 other beach(es)"
78cc8b04-5878-40d9-a91e-33342bfce8ae,"Sardinera (Camuy)",Camuy,18.4947,-66.8836,18.483525,-66.9020598,2309,CRITICAL,"Puerto Hermina Beach",establishment|point_of_interest|tourist_attraction,Y,N,Y,ChIJBYbHbPXpAowRzTtNN1-398I,REVIEW_DUPLICATE,"Shared place_id with 4 other beach(es)"
7c2b1f69-05ce-4c4e-9e2e-6ebe072d7ba6,"Sardinera (Dorado)",Dorado,18.4692,-66.2686,18.4775248,-66.2622866,1140,HIGH,"Kikita Surf Beach",establishment|natural_feature,Y,N,Y,ChIJI50UmGcTA4wRci7UK8cLPR8,REVIEW_DUPLICATE,"Shared place_id with 6 other beach(es)"
3ab95e23-e827-4226-b903-cf529794dded,"Sardinera (Hatillo)",Hatillo,18.4926,-66.8276,18.486438,-66.8336092,933,HIGH,"El Gran Parque del Norte",establishment|park|point_of_interest|tourist_attraction,Y,N,Y,ChIJaYm973joAowRdXGhI4N-IyQ,REVIEW_DUPLICATE,"Shared place_id with 2 other beach(es)"
a2c6ab58-7af2-401c-a3f2-bd62ff77f898,"Sardinera Dorado Beach East",Dorado,18.471716,-66.286883,18.4717158,-66.2868826,0,OK,"Sardinera Dorado Beach East",establishment|natural_feature,Y,N,N,ChIJbSRSoIATA4wRcrTiIJ162z4,KEEP_CURRENT,
db1d1666-c01d-4580-bbfd-659934a29d0b,"Sardinera West Pocket (Hotel sector)",Dorado,18.467,-66.2769,18.4775248,-66.2622866,1935,HIGH,"Kikita Surf Beach",establishment|natural_feature,Y,N,Y,ChIJI50UmGcTA4wRci7UK8cLPR8,REVIEW_DUPLICATE,"Shared place_id with 6 other beach(es)"
6cbd76e8-271f-4112-947a-e666c84a9796,"Sea Glass Beach (Vieques)",Vieques,18.1516,-65.4396,18.1486835,-65.4443074,594,HIGH,"Sea Glass Beach",establishment|natural_feature,Y,N,Y,ChIJt_tsIQ7HBIwRmgtiCjCFwRA,REVIEW_DUPLICATE,"Shared place_id with 2 other beach(es)"
435784b9-9063-4a27-80ba-1f3353ad496a,"Secret Beach",Yabucoa,18.066302,-65.797787,18.0663021,-65.7977867,0,OK,"Secret Beach",establishment|natural_feature,Y,N,N,ChIJH7NHBKmpBIwRetKkQ7BaOsk,KEEP_CURRENT,
0cebe6ac-e299-4845-ad8c-9415834f864c,"Secret Beach, Humacao",Humacao,18.108842,-65.783829,18.1088416,-65.7838288,0,OK,"Secret Beach, Humacao",establishment|natural_feature,Y,N,N,ChIJscyMYsKoBIwRgrAblB9pnII,KEEP_CURRENT,
a87f36e5-ecaa-4596-92f6-6a08d93eab68,"Seven Seas Beach",Fajardo,18.3695,-65.6359,18.3694509,-65.6359042,5,OK,"Seven Seas Beach",establishment|natural_feature,Y,N,N,ChIJowrw5TqXBIwRP8wp4GQ21Mk,KEEP_CURRENT,
df6beb3b-0e7a-4202-b2a8-2bde323e5d3a,"Shacks (Bajuras)",Isabela,18.5152,-67.1011,18.5152016,-67.1011421,4,OK,"Shacks Beach",establishment|natural_feature,Y,N,N,ChIJgwLcb2SVAowRzUhQEw7jHrU,KEEP_CURRENT,
cfcf65b7-e5a9-418e-a2fc-fc6ba2d25145,"Shore Island Beach",Isabela,18.508888,-67.028422,18.5088875,-67.0284219,0,OK,"Shore Island Beach",establishment|point_of_interest|tourist_attraction,Y,N,N,ChIJ_V_2rA-VAowR9MctyNEEr78,KEEP_CURRENT,
e5a05711-f15c-476d-853f-73f906255678,"Spanish Wall Beach",Rincon,18.3697189,-67.261046,18.3593385,-67.2671826,1324,HIGH,"The Beach House Rincón",bar|establishment|food|point_of_interest|restaurant,Y,Y,Y,ChIJNe6mBMSlAowRBBuBdKH2jQM,REVIEW_DUPLICATE,"Shared place_id with 5 other beach(es)"
59a0f75d-9b91-4ef7-9290-0e0b369122c0,"Starfish Beach (Vieques)",Vieques,18.1569,-65.5134,18.1485726,-65.5134413,926,HIGH,"Mosquito Pier",establishment|point_of_interest|tourist_attraction,Y,N,N,ChIJf6BuOFe4BIwRR9VgO9kqj9c,ACCEPT,"926m off - likely correct place, imprecise pin"
8717062a-1a21-4dcb-8999-e95723a7a7f3,"Steps Beach (Tres Palmas)",Rincon,18.3497,-67.2642,18.3496717,-67.2642174,4,OK,"Steps Beach - Reserva Marina Tres Palmas",establishment|natural_feature,Y,N,Y,ChIJhWh1q-ulAowRGcahO5Xq1nY,REVIEW_DUPLICATE,"Shared place_id with 1 other beach(es)"
b8264381-cdfc-48fc-9753-93800f138524,"Stoner Beach",Arecibo,18.476206,-66.747935,18.4762056,-66.7479347,0,OK,"Stoner Beach",establishment|point_of_interest,Y,N,N,ChIJ9wR1LIvnAowR6Epsm068sIw,KEEP_CURRENT,
289968b0-2402-4780-b293-5aab4437cdba,"Sun Bay",Vieques,18.0968,-65.4638,18.0946208,-65.4549001,971,HIGH,"Sun Bay Beach",establishment|natural_feature,Y,N,Y,ChIJhVSdhwrIBIwRtJh3qZC66Q4,REVIEW_DUPLICATE,"Shared place_id with 1 other beach(es)"
323b4100-09b9-4898-81c5-d2ef8af390b1,"Sun Bay Beach",Vieques,18.094621,-65.4549,18.0946208,-65.4549001,0,OK,"Sun Bay Beach",establishment|natural_feature,Y,N,Y,ChIJhVSdhwrIBIwRtJh3qZC66Q4,REVIEW_DUPLICATE,"Shared place_id with 1 other beach(es)"
7022b2a4-c2bf-41a0-9d1b-40be4255b865,"Surfer’s Beach",Aguadilla,18.5050767,-67.1414638,18.4587557,-67.1639648,5671,CRITICAL,"Crash Boat Beach",establishment|natural_feature,Y,N,Y,ChIJBa_pxxi9AowR7rJ9I-N9kr0,REVIEW_DUPLICATE,"Shared place_id with 8 other beach(es)"
14122416-804d-47aa-9885-9ce3aecd8520,"Survival / Playuela",Aguadilla,18.494,-67.1415,18.4587557,-67.1639648,4579,CRITICAL,"Crash Boat Beach",establishment|natural_feature,Y,N,Y,ChIJBa_pxxi9AowR7rJ9I-N9kr0,REVIEW_DUPLICATE,"Shared place_id with 8 other beach(es)"
6c19f6dc-88e3-476e-86a0-3e60ca624885,"Tallaboa Shore (Peñuelas)",Penuelas,17.9881,-66.727,17.9735004,-66.6842899,4800,CRITICAL,"Puerta Al Mar",establishment|point_of_interest,Y,N,Y,ChIJL2GfXWkpHYwRHLHOQoJSzgU,REVIEW_DUPLICATE,"Shared place_id with 1 other beach(es)"
c33422dd-9473-4dd3-94aa-bc4c39010eef,"Tamarindo Beach (Culebra)",Culebra,18.3178,-65.3174,18.3183236,-65.3178111,73,OK,"Playa El Tamarindo",establishment|natural_feature,Y,N,N,ChIJbV6ryenoBIwRE7AbxCHUeIM,KEEP_CURRENT,
7308223d-5dc8-4b63-b29c-46f9f0b70906,"Tanga Beach","Cabo Rojo",18.019762,-67.171962,18.0197617,-67.1719622,0,OK,"Tanga Beach",establishment|natural_feature,Y,N,N,ChIJK0_MLjpOHYwR9wbPFN0w7Yo,KEEP_CURRENT,
55388f84-60e7-4f64-af9c-fa218b29fea0,"The Beach House Rincón",Rincon,18.359339,-67.267183,18.3593385,-67.2671826,0,OK,"The Beach House Rincón",bar|establishment|food|point_of_interest|restaurant,Y,Y,Y,ChIJNe6mBMSlAowRBBuBdKH2jQM,REVIEW_DUPLICATE,"Shared place_id with 5 other beach(es)"
beabb092-28dc-4129-9899-406196f9007f,"The Women's Pool",Manati,18.475255,-66.503682,,,,ERROR,,,,,N,ChIJJ3L8QjEZA4wRI4Uc6HAV04k,ERROR,"NOT_FOUND: The provided Place ID is no longer valid. Please refresh cached Place IDs as per https://developers.google.com/places/web-service/place-id#save-id"
965a5824-f1ea-45df-a041-ba077fd37e2d,"Tortuguero Oceanfront (north of lagoon)","Vega Baja",18.4553,-66.4289,18.4694548,-66.4556088,3227,CRITICAL,"Los Tubos Beach",establishment|natural_feature,Y,N,N,ChIJUzmTY74ZA4wRYzcUs1MdF8g,REVIEW_DISTANCE,"3227m off - may be wrong place"
cccb156c-ca1b-45d9-8528-70bbc6828e6d,"Tropical Beach",Naguabo,18.187788,-65.725469,18.1866198,-65.7273968,242,MEDIUM,"Tropical Beach Naguabo",establishment|point_of_interest|tourist_attraction,Y,N,Y,ChIJNcw7j0-kBIwRsEXBoqm39VM,REVIEW_DUPLICATE,"Shared place_id with 1 other beach(es)"
cdd7ed73-a533-4f29-9fc7-d0e553697c72,"Tropical Beach Naguabo",Naguabo,18.18662,-65.727397,18.1866198,-65.7273968,0,OK,"Tropical Beach Naguabo",establishment|point_of_interest|tourist_attraction,Y,N,Y,ChIJNcw7j0-kBIwRsEXBoqm39VM,REVIEW_DUPLICATE,"Shared place_id with 1 other beach(es)"
348cc980-05ce-414a-a68b-1c5cc1b1da67,"Tunel de Guajataca Pocket",Quebradillas,18.466,-66.9425,18.483525,-66.9020598,4689,CRITICAL,"Puerto Hermina Beach",establishment|point_of_interest|tourist_attraction,Y,N,Y,ChIJBYbHbPXpAowRzTtNN1-398I,REVIEW_DUPLICATE,"Shared place_id with 4 other beach(es)"
1d024586-96ab-49e4-8685-6c93b400df03,"Uva 'E Playa | Isabela, PR",Isabela,18.506194,-67.063865,18.5053974,-67.0638217,89,OK,"Uva 'E Playa | Isabela, PR",establishment|lodging|point_of_interest,Y,Y,N,ChIJizIW9N-VAowRKthTYGczrfE,REVIEW_TYPE,"Suspect type: establishment,lodging,point_of_interest"
02dfa4c8-4771-4551-9c6e-efb022032d5b,"Vacia Talega",Loiza,18.4678,-65.9489,18.4544601,-65.9686675,2559,CRITICAL,"Terraplen La Posita de Piñones",establishment|natural_feature,Y,N,Y,ChIJVzIvfmtkA4wRp49SlZhoI-0,REVIEW_DUPLICATE,"Shared place_id with 4 other beach(es)"
a1ad29c7-6e53-429e-a070-4cf07b54c449,"Villa Pesquera (Isabela)",Isabela,18.508059,-67.022822,18.5080593,-67.0228223,0,OK,"Playa Villa Pesquera Isabela",establishment|point_of_interest,Y,N,N,ChIJheogIRaVAowR2HGINOijb-4,KEEP_CURRENT,
bf704968-8546-49e2-be68-ef4ed91fa54a,Wilderness,Aguadilla,18.4838,-67.1667,18.4837946,-67.1667472,5,OK,"Wilderness Beach, Base Ramey",establishment|natural_feature,Y,N,N,ChIJ_6KChkG9AowRA_84R22-Lwo,KEEP_CURRENT,
9cbc5b64-69ea-4138-b7f1-ae8005d38e5c,"Yabucoa Beach",Yabucoa,18.050408,-65.831332,18.050408,-65.8313324,0,OK,"Yabucoa Beach",establishment|point_of_interest|tourist_attraction,Y,N,N,ChIJb2f55y-rBIwRrtI0m7LXZFQ,KEEP_CURRENT,
ff9ff813-df32-4760-86f4-e3efaa908abb,"Zoni Beach (Zoní)",Culebra,18.319692,-65.2551024,18.319692,-65.2551024,0,OK,"Zoni Beach",establishment|natural_feature,Y,N,Y,ChIJJcb3ZG7mBIwR_WtgCjxXGeQ,REVIEW_DUPLICATE,"Shared place_id with 2 other beach(es)"
b765fc6d-abc3-43c5-ae66-34c0707fe283,"playa El Negro",Yabucoa,18.026372,-65.832377,18.0263724,-65.832377,0,OK,"playa El Negro",establishment|natural_feature,Y,N,N,ChIJO0J0hUKqBIwRHAUFlJM2prM,KEEP_CURRENT,
